{"stats":{"minecraft:picked_up":{"minecraft:crafting_table":1,"minecraft:clay_ball":24,"minecraft:jungle_log":31,"minecraft:big_dripleaf":3,"minecraft:gravel":2,"minecraft:jungle_planks":1,"minecraft:oak_log":6,"minecraft:dirt":5,"minecraft:bamboo":9,"minecraft:oak_sapling":1,"minecraft:melon_slice":20,"minecraft:coal":2,"minecraft:cobblestone":85},"minecraft:killed":{"minecraft:zombie":1,"minecraft:enderman":1},"minecraft:custom":{"minecraft:time_since_rest":14597,"minecraft:sprint_one_cm":25700,"minecraft:damage_taken":220,"minecraft:walk_one_cm":9972,"minecraft:mob_kills":2,"minecraft:damage_dealt":609,"minecraft:fly_one_cm":28478,"minecraft:interact_with_crafting_table":3,"minecraft:swim_one_cm":9298,"minecraft:crouch_one_cm":4732,"minecraft:play_time":14597,"minecraft:sneak_time":3692,"minecraft:walk_under_water_one_cm":2105,"minecraft:jump":157,"minecraft:leave_game":1,"minecraft:walk_on_water_one_cm":1041,"minecraft:time_since_death":14597,"minecraft:climb_one_cm":1204,"minecraft:total_world_time":14597,"minecraft:fall_one_cm":7549},"minecraft:crafted":{"minecraft:oak_planks":24,"minecraft:crafting_table":2,"minecraft:stick":8,"minecraft:wooden_pickaxe":1,"minecraft:stone_pickaxe":1,"minecraft:stone_axe":1,"minecraft:jungle_planks":124},"minecraft:used":{"minecraft:melon_slice":14,"minecraft:stone_pickaxe":87,"minecraft:oak_planks":9,"minecraft:wooden_pickaxe":6,"minecraft:gravel":2,"minecraft:stone_axe":48,"minecraft:dirt":5,"minecraft:cobblestone":5,"minecraft:crafting_table":1,"minecraft:oak_sapling":1,"minecraft:jungle_planks":23},"minecraft:mined":{"minecraft:jungle_leaves":2,"minecraft:clay":6,"minecraft:crafting_table":1,"minecraft:grass":1,"minecraft:oak_log":6,"minecraft:grass_block":4,"minecraft:coal_ore":2,"minecraft:jungle_planks":1,"minecraft:melon":4,"minecraft:jungle_log":33,"minecraft:vine":1,"minecraft:gravel":2,"minecraft:dirt":1,"minecraft:cobblestone":1,"minecraft:stone":84,"minecraft:small_dripleaf":1,"minecraft:big_dripleaf":1}},"DataVersion":3465}