{"stats":{"minecraft:mined":{"minecraft:redstone_torch":1},"minecraft:custom":{"minecraft:time_since_rest":44092,"minecraft:crouch_one_cm":6049,"minecraft:play_time":44092,"minecraft:sprint_one_cm":3262,"minecraft:damage_taken":90,"minecraft:walk_one_cm":40672,"minecraft:sneak_time":2108,"minecraft:drop":2,"minecraft:jump":125,"minecraft:damage_dealt":77,"minecraft:leave_game":4,"minecraft:time_since_death":44092,"minecraft:total_world_time":44092,"minecraft:fall_one_cm":209,"minecraft:fly_one_cm":2740},"minecraft:dropped":{"minecraft:barrier":1,"minecraft:dirt":1},"minecraft:picked_up":{"minecraft:barrier":1,"minecraft:redstone_torch":3,"minecraft:dirt":1},"minecraft:used":{"minecraft:redstone_torch":42,"minecraft:oak_log":2,"minecraft:netherrack":37,"minecraft:piston":35,"minecraft:flint_and_steel":4,"minecraft:command_block":2,"minecraft:armor_stand":42,"minecraft:grass_block":2,"minecraft:gold_block":83,"minecraft:player_head":14}},"DataVersion":3465}