{"stats":{"minecraft:broken":{"minecraft:stone_pickaxe":1},"minecraft:picked_up":{"minecraft:enchanting_table":1,"minecraft:cocoa_beans":8,"minecraft:jungle_boat":1,"minecraft:crafting_table":10,"minecraft:feather":2,"minecraft:jungle_log":8,"minecraft:andesite":8,"minecraft:leather":2,"minecraft:tuff":26,"minecraft:oak_log":22,"minecraft:gunpowder":2,"minecraft:lapis_lazuli":87,"minecraft:string":4,"minecraft:dirt":12,"minecraft:bone":2,"minecraft:wheat_seeds":4,"minecraft:cobbled_deepslate":158,"minecraft:raw_gold":18,"minecraft:beef":3,"minecraft:player_head":8,"minecraft:bamboo":90,"minecraft:sugar_cane":23,"minecraft:melon_slice":99,"minecraft:birch_sapling":1,"minecraft:furnace":2,"minecraft:raw_iron":92,"minecraft:dandelion":1,"minecraft:porkchop":59,"minecraft:diorite":13,"minecraft:lily_of_the_valley":3,"minecraft:mossy_cobblestone":3,"minecraft:spider_eye":1,"minecraft:arrow":2,"minecraft:light_blue_wool":5,"minecraft:diamond":41,"minecraft:granite":8,"minecraft:gray_wool":2,"minecraft:obsidian":14,"minecraft:mutton":4,"minecraft:coal":33,"minecraft:white_wool":1,"minecraft:cobblestone":180},"minecraft:killed":{"minecraft:pig":17,"minecraft:spider":1,"minecraft:creeper":1,"minecraft:sheep":3,"minecraft:skeleton":3,"minecraft:zombie":3,"minecraft:cow":1},"minecraft:custom":{"minecraft:interact_with_furnace":13,"minecraft:mob_kills":29,"minecraft:interact_with_crafting_table":25,"minecraft:time_since_death":72000,"minecraft:climb_one_cm":7268,"minecraft:time_since_rest":72000,"minecraft:sprint_one_cm":235754,"minecraft:damage_taken":526,"minecraft:walk_one_cm":107963,"minecraft:drop":25,"minecraft:damage_dealt":3966,"minecraft:swim_one_cm":16975,"minecraft:fly_one_cm":235636,"minecraft:open_chest":7,"minecraft:crouch_one_cm":20195,"minecraft:play_time":72000,"minecraft:sneak_time":8245,"minecraft:walk_under_water_one_cm":4430,"minecraft:boat_one_cm":7671,"minecraft:jump":1420,"minecraft:interact_with_smoker":7,"minecraft:inspect_dispenser":1,"minecraft:walk_on_water_one_cm":23607,"minecraft:enchant_item":5,"minecraft:total_world_time":72000,"minecraft:fall_one_cm":36717},"minecraft:crafted":{"minecraft:oak_planks":16,"minecraft:cooked_porkchop":21,"minecraft:diamond_axe":1,"minecraft:crafting_table":1,"minecraft:enchanting_table":1,"minecraft:jungle_boat":1,"minecraft:wooden_pickaxe":1,"minecraft:iron_sword":1,"minecraft:furnace":2,"minecraft:bucket":2,"minecraft:stone_axe":1,"minecraft:air":0,"minecraft:jungle_planks":8,"minecraft:book":1,"minecraft:paper":3,"minecraft:white_wool":2,"minecraft:diamond_helmet":1,"minecraft:diamond_leggings":1,"minecraft:diamond_pickaxe":1,"minecraft:white_dye":3,"minecraft:stick":16,"minecraft:iron_ingot":11,"minecraft:iron_pickaxe":1,"minecraft:stone_pickaxe":1,"minecraft:diamond_boots":1,"minecraft:smoker":1,"minecraft:diamond_chestplate":1},"minecraft:used":{"minecraft:water_bucket":5,"minecraft:enchanting_table":1,"minecraft:stone_pickaxe":131,"minecraft:wooden_pickaxe":9,"minecraft:iron_sword":64,"minecraft:diamond_axe":38,"minecraft:jungle_boat":1,"minecraft:dirt":7,"minecraft:crafting_table":11,"minecraft:light_blue_wool":5,"minecraft:diamond_helmet":2,"minecraft:tuff":26,"minecraft:smoker":1,"minecraft:oak_log":2,"minecraft:diamond_pickaxe":309,"minecraft:melon_slice":43,"minecraft:iron_pickaxe":180,"minecraft:stone_axe":88,"minecraft:diamond_chestplate":2,"minecraft:cobblestone":26,"minecraft:furnace":3,"minecraft:cooked_porkchop":3,"minecraft:bucket":7,"minecraft:diamond_leggings":2,"minecraft:cobbled_deepslate":92},"minecraft:dropped":{"minecraft:stone_axe":1,"minecraft:wheat_seeds":4,"minecraft:lapis_lazuli":64,"minecraft:wild_armor_trim_smithing_template":2,"minecraft:mossy_cobblestone":1,"minecraft:cocoa_beans":5,"minecraft:diamond":6,"minecraft:birch_sapling":1,"minecraft:feather":2,"minecraft:oak_planks":1,"minecraft:leather":1,"minecraft:jungle_planks":3,"minecraft:diorite":13,"minecraft:andesite":8,"minecraft:white_dye":1,"minecraft:bamboo":26,"minecraft:wooden_pickaxe":1,"minecraft:iron_pickaxe":1,"minecraft:dandelion":1},"minecraft:mined":{"minecraft:diamond_ore":1,"minecraft:tuff":20,"minecraft:light_blue_wool":5,"minecraft:mossy_cobblestone":3,"minecraft:deepslate_diamond_ore":35,"minecraft:player_wall_head":2,"minecraft:lily_of_the_valley":3,"minecraft:dandelion":1,"minecraft:obsidian":14,"minecraft:crafting_table":10,"minecraft:granite":8,"minecraft:grass_block":8,"minecraft:melon":20,"minecraft:jungle_log":8,"minecraft:tall_grass":5,"minecraft:cobblestone":15,"minecraft:lapis_ore":1,"minecraft:deepslate_gold_ore":18,"minecraft:sugar_cane":2,"minecraft:diorite":11,"minecraft:furnace":2,"minecraft:cobbled_deepslate":2,"minecraft:iron_ore":29,"minecraft:birch_leaves":1,"minecraft:andesite":19,"minecraft:enchanting_table":1,"minecraft:deepslate_lapis_ore":12,"minecraft:grass":19,"minecraft:oak_log":22,"minecraft:coal_ore":22,"minecraft:cocoa":4,"minecraft:deepslate_iron_ore":61,"minecraft:vine":3,"minecraft:dirt":12,"minecraft:bamboo":13,"minecraft:tripwire":5,"minecraft:stone":178,"minecraft:player_head":6,"minecraft:fern":5,"minecraft:oak_leaves":12,"minecraft:deepslate":155}},"DataVersion":3465}