{"stats":{"minecraft:broken":{"minecraft:stone_pickaxe":1},"minecraft:picked_up":{"minecraft:cocoa_beans":5,"minecraft:crafting_table":7,"minecraft:andesite":8,"minecraft:leather":2,"minecraft:tuff":10,"minecraft:oak_log":22,"minecraft:lapis_lazuli":38,"minecraft:dirt":7,"minecraft:bone":2,"minecraft:wheat_seeds":1,"minecraft:cobbled_deepslate":134,"minecraft:raw_gold":18,"minecraft:beef":3,"minecraft:melon_slice":27,"minecraft:furnace":1,"minecraft:raw_iron":71,"minecraft:dandelion":1,"minecraft:porkchop":24,"minecraft:diorite":11,"minecraft:lily_of_the_valley":3,"minecraft:spider_eye":1,"minecraft:arrow":2,"minecraft:light_blue_wool":5,"minecraft:diamond":36,"minecraft:gray_wool":2,"minecraft:obsidian":14,"minecraft:mutton":4,"minecraft:coal":14,"minecraft:white_wool":1,"minecraft:cobblestone":96},"minecraft:killed":{"minecraft:pig":11,"minecraft:spider":1,"minecraft:sheep":3,"minecraft:skeleton":2,"minecraft:zombie":3,"minecraft:cow":1},"minecraft:custom":{"minecraft:interact_with_furnace":6,"minecraft:mob_kills":21,"minecraft:interact_with_crafting_table":14,"minecraft:time_since_death":36000,"minecraft:climb_one_cm":1488,"minecraft:time_since_rest":36000,"minecraft:sprint_one_cm":91123,"minecraft:damage_taken":309,"minecraft:walk_one_cm":56951,"minecraft:drop":7,"minecraft:damage_dealt":2599,"minecraft:swim_one_cm":627,"minecraft:fly_one_cm":93333,"minecraft:open_chest":1,"minecraft:crouch_one_cm":13226,"minecraft:play_time":36000,"minecraft:sneak_time":5893,"minecraft:walk_under_water_one_cm":2605,"minecraft:jump":543,"minecraft:walk_on_water_one_cm":19350,"minecraft:total_world_time":36000,"minecraft:fall_one_cm":15595},"minecraft:crafted":{"minecraft:oak_planks":16,"minecraft:diamond_axe":1,"minecraft:crafting_table":1,"minecraft:wooden_pickaxe":1,"minecraft:iron_sword":1,"minecraft:furnace":1,"minecraft:bucket":2,"minecraft:stone_axe":1,"minecraft:air":0,"minecraft:diamond_helmet":1,"minecraft:diamond_leggings":1,"minecraft:diamond_pickaxe":1,"minecraft:stick":16,"minecraft:iron_ingot":11,"minecraft:iron_pickaxe":1,"minecraft:stone_pickaxe":1,"minecraft:diamond_boots":1,"minecraft:diamond_chestplate":1},"minecraft:used":{"minecraft:water_bucket":3,"minecraft:stone_pickaxe":131,"minecraft:wooden_pickaxe":9,"minecraft:iron_sword":13,"minecraft:diamond_axe":1,"minecraft:dirt":7,"minecraft:crafting_table":7,"minecraft:light_blue_wool":5,"minecraft:diamond_helmet":1,"minecraft:tuff":2,"minecraft:oak_log":2,"minecraft:diamond_pickaxe":97,"minecraft:melon_slice":27,"minecraft:iron_pickaxe":180,"minecraft:stone_axe":88,"minecraft:diamond_chestplate":1,"minecraft:furnace":1,"minecraft:bucket":5,"minecraft:diamond_leggings":1,"minecraft:cobbled_deepslate":37},"minecraft:dropped":{"minecraft:stone_axe":1,"minecraft:wheat_seeds":1,"minecraft:cocoa_beans":5,"minecraft:diorite":11,"minecraft:andesite":8,"minecraft:wooden_pickaxe":1,"minecraft:dandelion":1},"minecraft:mined":{"minecraft:diamond_ore":1,"minecraft:tuff":11,"minecraft:light_blue_wool":5,"minecraft:deepslate_diamond_ore":35,"minecraft:lily_of_the_valley":3,"minecraft:dandelion":1,"minecraft:obsidian":14,"minecraft:crafting_table":7,"minecraft:grass_block":2,"minecraft:melon":6,"minecraft:tall_grass":5,"minecraft:deepslate_gold_ore":18,"minecraft:diorite":11,"minecraft:furnace":1,"minecraft:cobbled_deepslate":1,"minecraft:iron_ore":17,"minecraft:andesite":8,"minecraft:deepslate_lapis_ore":6,"minecraft:grass":4,"minecraft:oak_log":22,"minecraft:coal_ore":8,"minecraft:cocoa":3,"minecraft:deepslate_iron_ore":54,"minecraft:dirt":5,"minecraft:stone":96,"minecraft:fern":1,"minecraft:oak_leaves":4,"minecraft:deepslate":133}},"DataVersion":3465}