{"stats":{"minecraft:broken":{"minecraft:stone_pickaxe":1},"minecraft:picked_up":{"minecraft:cocoa_beans":5,"minecraft:crafting_table":5,"minecraft:andesite":8,"minecraft:leather":2,"minecraft:oak_log":22,"minecraft:lapis_lazuli":38,"minecraft:dirt":7,"minecraft:bone":2,"minecraft:wheat_seeds":1,"minecraft:cobbled_deepslate":127,"minecraft:raw_gold":18,"minecraft:beef":3,"minecraft:melon_slice":27,"minecraft:furnace":1,"minecraft:raw_iron":21,"minecraft:dandelion":1,"minecraft:porkchop":24,"minecraft:diorite":11,"minecraft:lily_of_the_valley":3,"minecraft:spider_eye":1,"minecraft:arrow":2,"minecraft:diamond":23,"minecraft:gray_wool":2,"minecraft:mutton":4,"minecraft:coal":14,"minecraft:white_wool":1,"minecraft:cobblestone":96},"minecraft:killed":{"minecraft:pig":11,"minecraft:spider":1,"minecraft:sheep":3,"minecraft:skeleton":2,"minecraft:zombie":2,"minecraft:cow":1},"minecraft:custom":{"minecraft:interact_with_furnace":6,"minecraft:mob_kills":20,"minecraft:interact_with_crafting_table":11,"minecraft:time_since_death":24000,"minecraft:climb_one_cm":1488,"minecraft:time_since_rest":24000,"minecraft:sprint_one_cm":62262,"minecraft:damage_taken":244,"minecraft:walk_one_cm":39874,"minecraft:drop":5,"minecraft:damage_dealt":2399,"minecraft:fly_one_cm":50188,"minecraft:crouch_one_cm":8623,"minecraft:play_time":24000,"minecraft:sneak_time":3811,"minecraft:walk_under_water_one_cm":2029,"minecraft:jump":321,"minecraft:walk_on_water_one_cm":570,"minecraft:total_world_time":24000,"minecraft:fall_one_cm":10154},"minecraft:crafted":{"minecraft:oak_planks":16,"minecraft:crafting_table":1,"minecraft:wooden_pickaxe":1,"minecraft:iron_sword":1,"minecraft:furnace":1,"minecraft:bucket":2,"minecraft:stone_axe":1,"minecraft:air":0,"minecraft:diamond_leggings":1,"minecraft:diamond_pickaxe":1,"minecraft:stick":16,"minecraft:iron_ingot":11,"minecraft:iron_pickaxe":1,"minecraft:stone_pickaxe":1,"minecraft:diamond_boots":1,"minecraft:diamond_chestplate":1},"minecraft:used":{"minecraft:stone_pickaxe":131,"minecraft:wooden_pickaxe":9,"minecraft:iron_sword":9,"minecraft:dirt":7,"minecraft:crafting_table":5,"minecraft:oak_log":2,"minecraft:melon_slice":20,"minecraft:iron_pickaxe":180,"minecraft:stone_axe":87,"minecraft:diamond_chestplate":1,"minecraft:furnace":1,"minecraft:bucket":1,"minecraft:diamond_leggings":1,"minecraft:cobbled_deepslate":14},"minecraft:dropped":{"minecraft:wheat_seeds":1,"minecraft:diorite":11,"minecraft:andesite":8,"minecraft:wooden_pickaxe":1,"minecraft:dandelion":1},"minecraft:mined":{"minecraft:diamond_ore":1,"minecraft:deepslate_diamond_ore":22,"minecraft:lily_of_the_valley":3,"minecraft:dandelion":1,"minecraft:crafting_table":5,"minecraft:grass_block":2,"minecraft:melon":6,"minecraft:tall_grass":5,"minecraft:deepslate_gold_ore":18,"minecraft:diorite":11,"minecraft:furnace":1,"minecraft:iron_ore":17,"minecraft:andesite":8,"minecraft:deepslate_lapis_ore":6,"minecraft:grass":4,"minecraft:oak_log":22,"minecraft:coal_ore":8,"minecraft:cocoa":3,"minecraft:deepslate_iron_ore":2,"minecraft:dirt":5,"minecraft:stone":96,"minecraft:fern":1,"minecraft:oak_leaves":4,"minecraft:deepslate":127}},"DataVersion":3465}