{"stats":{"minecraft:picked_up":{"minecraft:raw_iron":13,"minecraft:cocoa_beans":5,"minecraft:crafting_table":1,"minecraft:andesite":8,"minecraft:leather":2,"minecraft:dandelion":1,"minecraft:porkchop":24,"minecraft:oak_log":20,"minecraft:diorite":7,"minecraft:lily_of_the_valley":3,"minecraft:spider_eye":1,"minecraft:dirt":6,"minecraft:bone":2,"minecraft:arrow":1,"minecraft:wheat_seeds":1,"minecraft:beef":3,"minecraft:gray_wool":2,"minecraft:melon_slice":27,"minecraft:coal":8,"minecraft:mutton":4,"minecraft:white_wool":1,"minecraft:cobblestone":75},"minecraft:killed":{"minecraft:sheep":3,"minecraft:skeleton":1,"minecraft:zombie":1,"minecraft:pig":11,"minecraft:spider":1,"minecraft:cow":1},"minecraft:custom":{"minecraft:time_since_rest":12000,"minecraft:sprint_one_cm":49770,"minecraft:damage_taken":150,"minecraft:walk_one_cm":20105,"minecraft:mob_kills":18,"minecraft:drop":2,"minecraft:damage_dealt":1999,"minecraft:interact_with_crafting_table":2,"minecraft:fly_one_cm":41864,"minecraft:crouch_one_cm":2573,"minecraft:play_time":12000,"minecraft:sneak_time":1202,"minecraft:jump":242,"minecraft:time_since_death":12000,"minecraft:total_world_time":12000,"minecraft:climb_one_cm":1488,"minecraft:fall_one_cm":7044},"minecraft:crafted":{"minecraft:oak_planks":16,"minecraft:crafting_table":1,"minecraft:stick":8,"minecraft:wooden_pickaxe":1,"minecraft:stone_pickaxe":1,"minecraft:stone_axe":1},"minecraft:used":{"minecraft:stone_pickaxe":104,"minecraft:melon_slice":12,"minecraft:wooden_pickaxe":9,"minecraft:stone_axe":81,"minecraft:dirt":1,"minecraft:crafting_table":1},"minecraft:dropped":{"minecraft:wooden_pickaxe":1,"minecraft:dandelion":1},"minecraft:mined":{"minecraft:iron_ore":13,"minecraft:lily_of_the_valley":3,"minecraft:andesite":8,"minecraft:dandelion":1,"minecraft:crafting_table":1,"minecraft:grass":4,"minecraft:coal_ore":8,"minecraft:grass_block":2,"minecraft:oak_log":20,"minecraft:melon":6,"minecraft:cocoa":3,"minecraft:dirt":4,"minecraft:tall_grass":5,"minecraft:stone":75,"minecraft:diorite":7,"minecraft:oak_leaves":4,"minecraft:fern":1}},"DataVersion":3465}