{"stats":{"minecraft:broken":{"minecraft:stone_pickaxe":1},"minecraft:picked_up":{"minecraft:cocoa_beans":8,"minecraft:crafting_table":11,"minecraft:string":4,"minecraft:cobbled_deepslate":158,"minecraft:beef":3,"minecraft:player_head":8,"minecraft:melon_slice":99,"minecraft:sugar_cane":23,"minecraft:birch_sapling":1,"minecraft:furnace":3,"minecraft:raw_iron":105,"minecraft:porkchop":68,"minecraft:diorite":13,"minecraft:arrow":2,"minecraft:light_blue_wool":5,"minecraft:mutton":4,"minecraft:obsidian":16,"minecraft:cobblestone":182,"minecraft:white_wool":1,"minecraft:enchanting_table":1,"minecraft:jungle_boat":2,"minecraft:feather":2,"minecraft:andesite":8,"minecraft:jungle_log":8,"minecraft:leather":2,"minecraft:smoker":1,"minecraft:tuff":26,"minecraft:oak_log":22,"minecraft:gunpowder":2,"minecraft:lapis_lazuli":87,"minecraft:dirt":12,"minecraft:bone":8,"minecraft:wheat_seeds":4,"minecraft:raw_gold":18,"minecraft:bamboo":90,"minecraft:cooked_porkchop":1,"minecraft:dandelion":1,"minecraft:lily_of_the_valley":3,"minecraft:spider_eye":1,"minecraft:mossy_cobblestone":3,"minecraft:diamond":41,"minecraft:granite":8,"minecraft:gray_wool":2,"minecraft:coal":53,"minecraft:ender_pearl":1},"minecraft:killed":{"minecraft:spider":3,"minecraft:skeleton":8,"minecraft:pig":17,"minecraft:creeper":2,"minecraft:sheep":3,"minecraft:zombie":6,"minecraft:cow":1,"minecraft:enderman":2},"minecraft:custom":{"minecraft:mob_kills":42,"minecraft:interact_with_crafting_table":26,"minecraft:time_since_death":84000,"minecraft:climb_one_cm":8320,"minecraft:sprint_one_cm":277624,"minecraft:walk_one_cm":130280,"minecraft:drop":28,"minecraft:play_time":84000,"minecraft:sneak_time":8861,"minecraft:walk_under_water_one_cm":9282,"minecraft:boat_one_cm":53189,"minecraft:jump":1700,"minecraft:walk_on_water_one_cm":25581,"minecraft:enchant_item":5,"minecraft:total_world_time":84000,"minecraft:interact_with_furnace":15,"minecraft:time_since_rest":84000,"minecraft:damage_taken":844,"minecraft:damage_dealt":7084,"minecraft:swim_one_cm":23275,"minecraft:fly_one_cm":290455,"minecraft:open_chest":9,"minecraft:crouch_one_cm":21739,"minecraft:interact_with_smoker":8,"minecraft:fall_one_cm":44706,"minecraft:inspect_dispenser":1},"minecraft:crafted":{"minecraft:oak_planks":20,"minecraft:furnace":2,"minecraft:diamond_helmet":1,"minecraft:diamond_leggings":1,"minecraft:stone_pickaxe":1,"minecraft:diamond_boots":1,"minecraft:smoker":1,"minecraft:cooked_porkchop":28,"minecraft:diamond_axe":1,"minecraft:crafting_table":2,"minecraft:enchanting_table":1,"minecraft:jungle_boat":1,"minecraft:wooden_pickaxe":1,"minecraft:iron_sword":1,"minecraft:bucket":2,"minecraft:stone_axe":1,"minecraft:air":0,"minecraft:jungle_planks":8,"minecraft:white_wool":2,"minecraft:book":1,"minecraft:paper":3,"minecraft:diamond_pickaxe":1,"minecraft:white_dye":3,"minecraft:stick":16,"minecraft:iron_ingot":13,"minecraft:iron_pickaxe":1,"minecraft:diamond_chestplate":1},"minecraft:used":{"minecraft:enchanting_table":1,"minecraft:iron_sword":126,"minecraft:dirt":7,"minecraft:diamond_helmet":2,"minecraft:tuff":26,"minecraft:obsidian":2,"minecraft:diamond_chestplate":2,"minecraft:furnace":3,"minecraft:cobbled_deepslate":92,"minecraft:water_bucket":7,"minecraft:stone_pickaxe":131,"minecraft:wooden_pickaxe":9,"minecraft:diamond_axe":39,"minecraft:jungle_boat":3,"minecraft:crafting_table":12,"minecraft:light_blue_wool":5,"minecraft:smoker":1,"minecraft:oak_log":2,"minecraft:diamond_pickaxe":321,"minecraft:melon_slice":43,"minecraft:iron_pickaxe":180,"minecraft:stone_axe":88,"minecraft:cobblestone":56,"minecraft:cooked_porkchop":8,"minecraft:bucket":9,"minecraft:diamond_leggings":2},"minecraft:dropped":{"minecraft:wheat_seeds":4,"minecraft:lapis_lazuli":64,"minecraft:mossy_cobblestone":1,"minecraft:diamond":6,"minecraft:crafting_table":1,"minecraft:feather":2,"minecraft:leather":1,"minecraft:jungle_planks":3,"minecraft:diorite":13,"minecraft:mutton":4,"minecraft:iron_pickaxe":1,"minecraft:dandelion":1,"minecraft:stone_axe":1,"minecraft:wild_armor_trim_smithing_template":2,"minecraft:cocoa_beans":5,"minecraft:birch_sapling":1,"minecraft:oak_planks":1,"minecraft:andesite":8,"minecraft:bamboo":26,"minecraft:white_dye":1,"minecraft:wooden_pickaxe":1,"minecraft:beef":3},"minecraft:mined":{"minecraft:diamond_ore":1,"minecraft:tuff":20,"minecraft:light_blue_wool":5,"minecraft:mossy_cobblestone":3,"minecraft:deepslate_diamond_ore":35,"minecraft:obsidian":16,"minecraft:granite":8,"minecraft:grass_block":8,"minecraft:jungle_log":8,"minecraft:furnace":3,"minecraft:iron_ore":29,"minecraft:cobbled_deepslate":2,"minecraft:andesite":19,"minecraft:deepslate_lapis_ore":12,"minecraft:enchanting_table":1,"minecraft:deepslate_iron_ore":61,"minecraft:vine":3,"minecraft:bamboo":13,"minecraft:stone":178,"minecraft:player_head":6,"minecraft:tripwire":5,"minecraft:lily_of_the_valley":3,"minecraft:player_wall_head":2,"minecraft:smoker":1,"minecraft:dandelion":1,"minecraft:crafting_table":11,"minecraft:melon":20,"minecraft:tall_grass":5,"minecraft:cobblestone":17,"minecraft:deepslate_gold_ore":18,"minecraft:lapis_ore":1,"minecraft:sugar_cane":2,"minecraft:diorite":11,"minecraft:birch_leaves":1,"minecraft:grass":23,"minecraft:coal_ore":28,"minecraft:oak_log":22,"minecraft:cocoa":4,"minecraft:dirt":12,"minecraft:deepslate":155,"minecraft:oak_leaves":12,"minecraft:fern":5}},"DataVersion":3465}