{"stats":{"minecraft:broken":{"minecraft:iron_shovel":1,"minecraft:stone_pickaxe":1},"minecraft:picked_up":{"minecraft:cocoa_beans":8,"minecraft:coarse_dirt":3,"minecraft:crafting_table":11,"minecraft:string":12,"minecraft:red_bed":1,"minecraft:flint_and_steel":1,"minecraft:cobbled_deepslate":158,"minecraft:beef":3,"minecraft:oak_boat":3,"minecraft:player_head":8,"minecraft:melon_slice":99,"minecraft:sugar_cane":37,"minecraft:chest":1,"minecraft:birch_sapling":1,"minecraft:phantom_membrane":2,"minecraft:furnace":7,"minecraft:golden_helmet":1,"minecraft:stick":5,"minecraft:raw_iron":144,"minecraft:torch":4,"minecraft:acacia_log":18,"minecraft:porkchop":68,"minecraft:diorite":13,"minecraft:cauldron":1,"minecraft:orange_bed":1,"minecraft:rotten_flesh":6,"minecraft:arrow":8,"minecraft:light_blue_wool":5,"minecraft:hay_block":24,"minecraft:gold_ingot":1,"minecraft:mutton":4,"minecraft:obsidian":26,"minecraft:cobblestone":214,"minecraft:white_wool":29,"minecraft:birch_log":5,"minecraft:enchanting_table":1,"minecraft:magma_block":1,"minecraft:jungle_boat":2,"minecraft:feather":2,"minecraft:cooked_beef":13,"minecraft:andesite":8,"minecraft:jungle_log":11,"minecraft:brown_wool":6,"minecraft:leather":10,"minecraft:smoker":4,"minecraft:tuff":26,"minecraft:oak_log":22,"minecraft:gunpowder":8,"minecraft:lapis_lazuli":87,"minecraft:dirt":341,"minecraft:cooked_mutton":6,"minecraft:bone":14,"minecraft:acacia_planks":1,"minecraft:kelp":1,"minecraft:bow":1,"minecraft:wheat_seeds":38,"minecraft:raw_gold":32,"minecraft:bell":1,"minecraft:iron_ingot":2,"minecraft:cooked_chicken":2,"minecraft:bamboo":90,"minecraft:acacia_sapling":11,"minecraft:oak_planks":4,"minecraft:cooked_porkchop":16,"minecraft:dandelion":1,"minecraft:white_bed":1,"minecraft:grass_block":1,"minecraft:lily_of_the_valley":3,"minecraft:barrel":3,"minecraft:spider_eye":2,"minecraft:mossy_cobblestone":3,"minecraft:diamond":82,"minecraft:granite":8,"minecraft:gray_wool":2,"minecraft:acacia_slab":3,"minecraft:oak_sapling":5,"minecraft:emerald":4,"minecraft:black_wool":12,"minecraft:netherrack":1,"minecraft:coal":119,"minecraft:ender_pearl":1},"minecraft:killed":{"minecraft:witch":1,"minecraft:spider":7,"minecraft:phantom":6,"minecraft:skeleton":14,"minecraft:pig":18,"minecraft:creeper":6,"minecraft:sheep":3,"minecraft:zombie":17,"minecraft:cow":1,"minecraft:enderman":2},"minecraft:custom":{"minecraft:mob_kills":78,"minecraft:interact_with_crafting_table":45,"minecraft:bell_ring":5,"minecraft:time_since_death":150000,"minecraft:climb_one_cm":9513,"minecraft:sprint_one_cm":516067,"minecraft:walk_one_cm":285547,"minecraft:drop":49,"minecraft:talked_to_villager":1,"minecraft:play_time":150000,"minecraft:sneak_time":11860,"minecraft:walk_under_water_one_cm":10751,"minecraft:boat_one_cm":118080,"minecraft:jump":3118,"minecraft:walk_on_water_one_cm":30361,"minecraft:enchant_item":5,"minecraft:total_world_time":150000,"minecraft:interact_with_furnace":35,"minecraft:time_since_rest":150000,"minecraft:damage_taken":1358,"minecraft:damage_dealt":14000,"minecraft:swim_one_cm":29412,"minecraft:fly_one_cm":610780,"minecraft:open_chest":40,"minecraft:crouch_one_cm":35430,"minecraft:interact_with_smoker":11,"minecraft:fall_one_cm":83465,"minecraft:inspect_dispenser":1},"minecraft:crafted":{"minecraft:oak_planks":64,"minecraft:furnace":3,"minecraft:diamond_helmet":1,"minecraft:diamond_leggings":1,"minecraft:stone_pickaxe":1,"minecraft:chest":1,"minecraft:diamond_boots":1,"minecraft:wheat":216,"minecraft:smoker":1,"minecraft:diamond_sword":1,"minecraft:cooked_porkchop":37,"minecraft:diamond_axe":1,"minecraft:crafting_table":4,"minecraft:acacia_slab":48,"minecraft:enchanting_table":1,"minecraft:jungle_boat":1,"minecraft:wooden_pickaxe":1,"minecraft:iron_sword":1,"minecraft:brown_bed":1,"minecraft:bucket":2,"minecraft:birch_planks":20,"minecraft:stone_axe":1,"minecraft:bread":72,"minecraft:air":0,"minecraft:jungle_planks":8,"minecraft:oak_fence_gate":1,"minecraft:oak_boat":1,"minecraft:white_wool":2,"minecraft:book":1,"minecraft:paper":3,"minecraft:diamond_pickaxe":1,"minecraft:white_dye":3,"minecraft:stick":36,"minecraft:iron_ingot":71,"minecraft:iron_pickaxe":1,"minecraft:iron_block":10,"minecraft:black_bed":4,"minecraft:iron_shovel":2,"minecraft:gold_ingot":17,"minecraft:white_bed":10,"minecraft:acacia_planks":68,"minecraft:torch":36,"minecraft:shears":1,"minecraft:diamond_chestplate":1},"minecraft:used":{"minecraft:enchanting_table":1,"minecraft:iron_shovel":305,"minecraft:chest":3,"minecraft:iron_sword":253,"minecraft:bell":1,"minecraft:orange_bed":1,"minecraft:torch":19,"minecraft:dirt":303,"minecraft:cocoa_beans":3,"minecraft:diamond_helmet":2,"minecraft:tuff":26,"minecraft:oak_fence_gate":1,"minecraft:obsidian":2,"minecraft:lava_bucket":13,"minecraft:acacia_slab":42,"minecraft:jungle_log":9,"minecraft:bamboo":16,"minecraft:diamond_chestplate":2,"minecraft:furnace":7,"minecraft:acacia_planks":1,"minecraft:cobbled_deepslate":92,"minecraft:brown_bed":1,"minecraft:wheat_seeds":1,"minecraft:water_bucket":32,"minecraft:stone_pickaxe":131,"minecraft:oak_planks":1,"minecraft:wooden_pickaxe":9,"minecraft:diamond_axe":74,"minecraft:sugar_cane":34,"minecraft:jungle_boat":3,"minecraft:crafting_table":15,"minecraft:red_bed":1,"minecraft:light_blue_wool":5,"minecraft:white_bed":11,"minecraft:black_bed":4,"minecraft:smoker":3,"minecraft:oak_log":2,"minecraft:diamond_pickaxe":381,"minecraft:melon_slice":43,"minecraft:iron_pickaxe":180,"minecraft:stone_axe":88,"minecraft:diamond_sword":19,"minecraft:cobblestone":85,"minecraft:cooked_porkchop":22,"minecraft:bucket":47,"minecraft:oak_boat":3,"minecraft:coarse_dirt":2,"minecraft:diamond_leggings":2},"minecraft:mined":{"minecraft:diamond_ore":1,"minecraft:tuff":20,"minecraft:white_bed":1,"minecraft:farmland":5,"minecraft:light_blue_wool":5,"minecraft:mossy_cobblestone":3,"minecraft:deepslate_diamond_ore":35,"minecraft:obsidian":20,"minecraft:granite":8,"minecraft:acacia_log":18,"minecraft:grass_block":147,"minecraft:jungle_log":11,"minecraft:acacia_slab":2,"minecraft:kelp":3,"minecraft:hay_block":15,"minecraft:magma_block":1,"minecraft:furnace":7,"minecraft:barrel":3,"minecraft:iron_ore":29,"minecraft:cobbled_deepslate":2,"minecraft:andesite":19,"minecraft:deepslate_lapis_ore":12,"minecraft:enchanting_table":1,"minecraft:bell":1,"minecraft:dirt_path":41,"minecraft:deepslate_iron_ore":61,"minecraft:vine":3,"minecraft:bamboo":13,"minecraft:stone":204,"minecraft:player_head":6,"minecraft:tripwire":5,"minecraft:acacia_leaves":2,"minecraft:glass_pane":1,"minecraft:lily_of_the_valley":3,"minecraft:player_wall_head":2,"minecraft:smoker":3,"minecraft:dandelion":1,"minecraft:crafting_table":11,"minecraft:torch":2,"minecraft:melon":20,"minecraft:chest":1,"minecraft:dead_bush":1,"minecraft:tall_grass":10,"minecraft:cobblestone":23,"minecraft:deepslate_gold_ore":18,"minecraft:lapis_ore":1,"minecraft:sugar_cane":6,"minecraft:diorite":11,"minecraft:coarse_dirt":3,"minecraft:birch_log":5,"minecraft:wheat":7,"minecraft:birch_leaves":1,"minecraft:grass":45,"minecraft:coal_ore":44,"minecraft:oak_log":22,"minecraft:cocoa":4,"minecraft:dirt":141,"minecraft:acacia_planks":1,"minecraft:deepslate":155,"minecraft:oak_leaves":18,"minecraft:fern":5},"minecraft:dropped":{"minecraft:bread":72,"minecraft:iron_sword":1,"minecraft:wheat_seeds":36,"minecraft:lapis_lazuli":64,"minecraft:mossy_cobblestone":1,"minecraft:diamond":6,"minecraft:crafting_table":1,"minecraft:feather":2,"minecraft:leather":1,"minecraft:jungle_planks":3,"minecraft:stick":1,"minecraft:dirt":18,"minecraft:diorite":13,"minecraft:mutton":4,"minecraft:phantom_membrane":1,"minecraft:iron_pickaxe":1,"minecraft:string":2,"minecraft:dandelion":1,"minecraft:stone_axe":1,"minecraft:kelp":1,"minecraft:coarse_dirt":1,"minecraft:wild_armor_trim_smithing_template":2,"minecraft:cocoa_beans":5,"minecraft:birch_sapling":1,"minecraft:rotten_flesh":6,"minecraft:oak_planks":3,"minecraft:andesite":8,"minecraft:spider_eye":2,"minecraft:bamboo":26,"minecraft:white_dye":1,"minecraft:wooden_pickaxe":1,"minecraft:beef":3,"minecraft:magma_block":1}},"DataVersion":3465}