{"stats":{"minecraft:broken":{"minecraft:stone_pickaxe":1},"minecraft:picked_up":{"minecraft:cocoa_beans":8,"minecraft:crafting_table":8,"minecraft:jungle_log":8,"minecraft:andesite":8,"minecraft:leather":2,"minecraft:tuff":26,"minecraft:oak_log":22,"minecraft:lapis_lazuli":87,"minecraft:dirt":7,"minecraft:bone":2,"minecraft:wheat_seeds":1,"minecraft:cobbled_deepslate":158,"minecraft:raw_gold":18,"minecraft:beef":3,"minecraft:player_head":8,"minecraft:melon_slice":27,"minecraft:birch_sapling":1,"minecraft:furnace":2,"minecraft:raw_iron":92,"minecraft:dandelion":1,"minecraft:porkchop":59,"minecraft:diorite":13,"minecraft:lily_of_the_valley":3,"minecraft:spider_eye":1,"minecraft:arrow":2,"minecraft:light_blue_wool":5,"minecraft:diamond":36,"minecraft:granite":8,"minecraft:gray_wool":2,"minecraft:obsidian":14,"minecraft:mutton":4,"minecraft:coal":33,"minecraft:white_wool":1,"minecraft:cobblestone":167},"minecraft:killed":{"minecraft:pig":17,"minecraft:spider":1,"minecraft:sheep":3,"minecraft:skeleton":2,"minecraft:zombie":3,"minecraft:cow":1},"minecraft:custom":{"minecraft:interact_with_furnace":10,"minecraft:mob_kills":27,"minecraft:interact_with_crafting_table":15,"minecraft:time_since_death":48000,"minecraft:climb_one_cm":1883,"minecraft:time_since_rest":48000,"minecraft:sprint_one_cm":152105,"minecraft:damage_taken":359,"minecraft:walk_one_cm":73963,"minecraft:drop":11,"minecraft:damage_dealt":3335,"minecraft:swim_one_cm":627,"minecraft:fly_one_cm":151888,"minecraft:open_chest":1,"minecraft:crouch_one_cm":16670,"minecraft:play_time":48000,"minecraft:sneak_time":7216,"minecraft:walk_under_water_one_cm":2605,"minecraft:jump":968,"minecraft:walk_on_water_one_cm":19350,"minecraft:total_world_time":48000,"minecraft:fall_one_cm":23243},"minecraft:crafted":{"minecraft:oak_planks":16,"minecraft:cooked_porkchop":3,"minecraft:diamond_axe":1,"minecraft:crafting_table":1,"minecraft:wooden_pickaxe":1,"minecraft:iron_sword":1,"minecraft:furnace":1,"minecraft:bucket":2,"minecraft:stone_axe":1,"minecraft:air":0,"minecraft:diamond_helmet":1,"minecraft:diamond_leggings":1,"minecraft:diamond_pickaxe":1,"minecraft:stick":16,"minecraft:iron_ingot":11,"minecraft:iron_pickaxe":1,"minecraft:stone_pickaxe":1,"minecraft:diamond_boots":1,"minecraft:diamond_chestplate":1},"minecraft:used":{"minecraft:water_bucket":3,"minecraft:stone_pickaxe":131,"minecraft:wooden_pickaxe":9,"minecraft:iron_sword":31,"minecraft:diamond_axe":16,"minecraft:dirt":7,"minecraft:crafting_table":8,"minecraft:light_blue_wool":5,"minecraft:diamond_helmet":1,"minecraft:tuff":26,"minecraft:oak_log":2,"minecraft:diamond_pickaxe":284,"minecraft:melon_slice":27,"minecraft:iron_pickaxe":180,"minecraft:stone_axe":88,"minecraft:diamond_chestplate":1,"minecraft:furnace":2,"minecraft:cooked_porkchop":2,"minecraft:bucket":5,"minecraft:diamond_leggings":1,"minecraft:cobbled_deepslate":83},"minecraft:dropped":{"minecraft:stone_axe":1,"minecraft:wheat_seeds":1,"minecraft:cocoa_beans":5,"minecraft:birch_sapling":1,"minecraft:oak_planks":1,"minecraft:diorite":13,"minecraft:andesite":8,"minecraft:wooden_pickaxe":1,"minecraft:iron_pickaxe":1,"minecraft:dandelion":1},"minecraft:mined":{"minecraft:diamond_ore":1,"minecraft:tuff":20,"minecraft:light_blue_wool":5,"minecraft:deepslate_diamond_ore":35,"minecraft:player_wall_head":2,"minecraft:lily_of_the_valley":3,"minecraft:dandelion":1,"minecraft:obsidian":14,"minecraft:crafting_table":8,"minecraft:granite":8,"minecraft:grass_block":4,"minecraft:melon":6,"minecraft:jungle_log":8,"minecraft:tall_grass":5,"minecraft:lapis_ore":1,"minecraft:deepslate_gold_ore":18,"minecraft:diorite":11,"minecraft:furnace":2,"minecraft:cobbled_deepslate":2,"minecraft:iron_ore":29,"minecraft:birch_leaves":1,"minecraft:andesite":19,"minecraft:deepslate_lapis_ore":12,"minecraft:grass":5,"minecraft:oak_log":22,"minecraft:coal_ore":22,"minecraft:cocoa":4,"minecraft:deepslate_iron_ore":61,"minecraft:vine":1,"minecraft:dirt":10,"minecraft:stone":178,"minecraft:player_head":6,"minecraft:fern":1,"minecraft:oak_leaves":8,"minecraft:deepslate":155}},"DataVersion":3465}