{"stats":{"minecraft:broken":{"minecraft:stone_pickaxe":1},"minecraft:picked_up":{"minecraft:cocoa_beans":8,"minecraft:coarse_dirt":3,"minecraft:crafting_table":11,"minecraft:string":4,"minecraft:cobbled_deepslate":158,"minecraft:beef":3,"minecraft:player_head":8,"minecraft:melon_slice":99,"minecraft:sugar_cane":23,"minecraft:birch_sapling":1,"minecraft:furnace":7,"minecraft:raw_iron":144,"minecraft:porkchop":68,"minecraft:diorite":13,"minecraft:arrow":2,"minecraft:light_blue_wool":5,"minecraft:gold_ingot":1,"minecraft:mutton":4,"minecraft:obsidian":26,"minecraft:cobblestone":211,"minecraft:white_wool":1,"minecraft:enchanting_table":1,"minecraft:magma_block":1,"minecraft:jungle_boat":2,"minecraft:feather":2,"minecraft:andesite":8,"minecraft:jungle_log":11,"minecraft:leather":2,"minecraft:smoker":3,"minecraft:tuff":26,"minecraft:oak_log":22,"minecraft:gunpowder":2,"minecraft:lapis_lazuli":87,"minecraft:dirt":32,"minecraft:bone":8,"minecraft:kelp":1,"minecraft:wheat_seeds":4,"minecraft:raw_gold":32,"minecraft:iron_ingot":1,"minecraft:bamboo":90,"minecraft:oak_planks":1,"minecraft:cooked_porkchop":1,"minecraft:dandelion":1,"minecraft:white_bed":1,"minecraft:lily_of_the_valley":3,"minecraft:spider_eye":1,"minecraft:mossy_cobblestone":3,"minecraft:diamond":41,"minecraft:granite":8,"minecraft:gray_wool":2,"minecraft:coal":119,"minecraft:ender_pearl":1},"minecraft:killed":{"minecraft:spider":3,"minecraft:skeleton":8,"minecraft:pig":17,"minecraft:creeper":2,"minecraft:sheep":3,"minecraft:zombie":6,"minecraft:cow":1,"minecraft:enderman":2},"minecraft:custom":{"minecraft:mob_kills":42,"minecraft:interact_with_crafting_table":33,"minecraft:time_since_death":96000,"minecraft:climb_one_cm":8320,"minecraft:sprint_one_cm":282148,"minecraft:walk_one_cm":146708,"minecraft:drop":32,"minecraft:play_time":96000,"minecraft:sneak_time":10016,"minecraft:walk_under_water_one_cm":9315,"minecraft:boat_one_cm":78659,"minecraft:jump":1768,"minecraft:walk_on_water_one_cm":25828,"minecraft:enchant_item":5,"minecraft:total_world_time":96000,"minecraft:interact_with_furnace":35,"minecraft:time_since_rest":96000,"minecraft:damage_taken":846,"minecraft:damage_dealt":7084,"minecraft:swim_one_cm":23275,"minecraft:fly_one_cm":296819,"minecraft:open_chest":23,"minecraft:crouch_one_cm":24374,"minecraft:interact_with_smoker":11,"minecraft:fall_one_cm":45811,"minecraft:inspect_dispenser":1},"minecraft:crafted":{"minecraft:oak_planks":32,"minecraft:furnace":3,"minecraft:diamond_helmet":1,"minecraft:diamond_leggings":1,"minecraft:stone_pickaxe":1,"minecraft:chest":1,"minecraft:diamond_boots":1,"minecraft:smoker":1,"minecraft:cooked_porkchop":37,"minecraft:diamond_axe":1,"minecraft:crafting_table":2,"minecraft:enchanting_table":1,"minecraft:jungle_boat":1,"minecraft:wooden_pickaxe":1,"minecraft:iron_sword":1,"minecraft:bucket":2,"minecraft:stone_axe":1,"minecraft:air":0,"minecraft:jungle_planks":8,"minecraft:oak_boat":1,"minecraft:white_wool":2,"minecraft:book":1,"minecraft:paper":3,"minecraft:diamond_pickaxe":1,"minecraft:white_dye":3,"minecraft:stick":16,"minecraft:iron_ingot":71,"minecraft:iron_pickaxe":1,"minecraft:iron_block":10,"minecraft:gold_ingot":17,"minecraft:white_bed":1,"minecraft:diamond_chestplate":1},"minecraft:used":{"minecraft:enchanting_table":1,"minecraft:chest":3,"minecraft:iron_sword":126,"minecraft:dirt":9,"minecraft:cocoa_beans":3,"minecraft:diamond_helmet":2,"minecraft:tuff":26,"minecraft:obsidian":2,"minecraft:jungle_log":9,"minecraft:diamond_chestplate":2,"minecraft:furnace":7,"minecraft:cobbled_deepslate":92,"minecraft:water_bucket":7,"minecraft:stone_pickaxe":131,"minecraft:oak_planks":1,"minecraft:wooden_pickaxe":9,"minecraft:diamond_axe":42,"minecraft:jungle_boat":3,"minecraft:crafting_table":13,"minecraft:light_blue_wool":5,"minecraft:white_bed":1,"minecraft:smoker":3,"minecraft:oak_log":2,"minecraft:diamond_pickaxe":377,"minecraft:melon_slice":43,"minecraft:iron_pickaxe":180,"minecraft:stone_axe":88,"minecraft:cobblestone":65,"minecraft:cooked_porkchop":9,"minecraft:bucket":9,"minecraft:oak_boat":1,"minecraft:coarse_dirt":2,"minecraft:diamond_leggings":2},"minecraft:dropped":{"minecraft:wheat_seeds":4,"minecraft:lapis_lazuli":64,"minecraft:mossy_cobblestone":1,"minecraft:diamond":6,"minecraft:crafting_table":1,"minecraft:feather":2,"minecraft:leather":1,"minecraft:jungle_planks":3,"minecraft:stick":1,"minecraft:diorite":13,"minecraft:mutton":4,"minecraft:iron_pickaxe":1,"minecraft:dandelion":1,"minecraft:stone_axe":1,"minecraft:kelp":1,"minecraft:coarse_dirt":1,"minecraft:wild_armor_trim_smithing_template":2,"minecraft:cocoa_beans":5,"minecraft:birch_sapling":1,"minecraft:oak_planks":1,"minecraft:andesite":8,"minecraft:bamboo":26,"minecraft:white_dye":1,"minecraft:wooden_pickaxe":1,"minecraft:beef":3,"minecraft:magma_block":1},"minecraft:mined":{"minecraft:diamond_ore":1,"minecraft:tuff":20,"minecraft:white_bed":1,"minecraft:light_blue_wool":5,"minecraft:mossy_cobblestone":3,"minecraft:deepslate_diamond_ore":35,"minecraft:obsidian":20,"minecraft:granite":8,"minecraft:grass_block":8,"minecraft:jungle_log":11,"minecraft:kelp":3,"minecraft:magma_block":1,"minecraft:furnace":7,"minecraft:iron_ore":29,"minecraft:cobbled_deepslate":2,"minecraft:andesite":19,"minecraft:deepslate_lapis_ore":12,"minecraft:enchanting_table":1,"minecraft:deepslate_iron_ore":61,"minecraft:vine":3,"minecraft:bamboo":13,"minecraft:stone":204,"minecraft:player_head":6,"minecraft:tripwire":5,"minecraft:lily_of_the_valley":3,"minecraft:player_wall_head":2,"minecraft:smoker":3,"minecraft:dandelion":1,"minecraft:crafting_table":11,"minecraft:melon":20,"minecraft:tall_grass":5,"minecraft:cobblestone":20,"minecraft:deepslate_gold_ore":18,"minecraft:lapis_ore":1,"minecraft:sugar_cane":2,"minecraft:diorite":11,"minecraft:coarse_dirt":3,"minecraft:birch_leaves":1,"minecraft:grass":23,"minecraft:coal_ore":44,"minecraft:oak_log":22,"minecraft:cocoa":4,"minecraft:dirt":16,"minecraft:deepslate":155,"minecraft:oak_leaves":12,"minecraft:fern":5}},"DataVersion":3465}