{"stats":{"minecraft:broken":{"minecraft:wooden_axe":1},"minecraft:picked_up":{"minecraft:birch_log":9,"minecraft:crafting_table":3,"minecraft:oak_log":20,"minecraft:bone":3,"minecraft:arrow":3,"minecraft:melon_slice":11},"minecraft:killed":{"minecraft:skeleton":2,"minecraft:zombie":2,"minecraft:creeper":2},"minecraft:custom":{"minecraft:time_since_rest":488,"minecraft:sprint_one_cm":46789,"minecraft:damage_taken":370,"minecraft:walk_one_cm":24851,"minecraft:mob_kills":6,"minecraft:damage_dealt":1337,"minecraft:swim_one_cm":1294,"minecraft:interact_with_crafting_table":4,"minecraft:fly_one_cm":56131,"minecraft:crouch_one_cm":2151,"minecraft:play_time":10639,"minecraft:deaths":1,"minecraft:sneak_time":517,"minecraft:walk_under_water_one_cm":512,"minecraft:jump":294,"minecraft:leave_game":1,"minecraft:time_since_death":464,"minecraft:walk_on_water_one_cm":740,"minecraft:total_world_time":10639,"minecraft:climb_one_cm":2057,"minecraft:fall_one_cm":11537},"minecraft:crafted":{"minecraft:wooden_sword":1,"minecraft:oak_planks":76,"minecraft:crafting_table":1,"minecraft:stick":20,"minecraft:wooden_pickaxe":1,"minecraft:wooden_axe":1,"minecraft:birch_planks":36},"minecraft:used":{"minecraft:wooden_axe":51,"minecraft:melon_slice":11,"minecraft:wooden_sword":10,"minecraft:crafting_table":3},"minecraft:mined":{"minecraft:birch_log":9,"minecraft:crafting_table":3,"minecraft:grass":6,"minecraft:oak_log":22,"minecraft:melon":2,"minecraft:oak_leaves":2,"minecraft:fern":2},"minecraft:killed_by":{"minecraft:skeleton":1}},"DataVersion":3465}