{"stats":{"minecraft:broken":{"minecraft:stone_pickaxe":4},"minecraft:picked_up":{"minecraft:wooden_axe":3,"minecraft:birch_log":2,"minecraft:cocoa_beans":3,"minecraft:iron_chestplate":1,"minecraft:crafting_table":6,"minecraft:cooked_beef":64,"minecraft:golden_carrot":4,"minecraft:salmon":19,"minecraft:wooden_pickaxe":3,"minecraft:gold_block":9,"minecraft:birch_planks":6,"minecraft:oak_log":45,"minecraft:dirt":36,"minecraft:raw_copper":13,"minecraft:cooked_salmon":2,"minecraft:wooden_sword":3,"minecraft:iron_leggings":1,"minecraft:armor_stand":5,"minecraft:apple":1,"minecraft:wheat_seeds":3,"minecraft:iron_ingot":29,"minecraft:stone_pickaxe":1,"minecraft:redstone_torch":5,"minecraft:player_head":15,"minecraft:poppy":1,"minecraft:iron_pickaxe":5,"minecraft:bamboo":30,"minecraft:glowstone_dust":2,"minecraft:oak_planks":120,"minecraft:furnace":1,"minecraft:stick":11,"minecraft:raw_iron":40,"minecraft:cooked_porkchop":3,"minecraft:pumpkin":8,"minecraft:porkchop":5,"minecraft:pointed_dripstone":20,"minecraft:ink_sac":3,"minecraft:lily_of_the_valley":1,"minecraft:stone_sword":3,"minecraft:diamond":7,"minecraft:stone_axe":2,"minecraft:bone_meal":2,"minecraft:oak_sapling":5,"minecraft:netherrack":1,"minecraft:coal":95,"minecraft:cobblestone":1104,"minecraft:stripped_oak_log":3},"minecraft:killed":{"minecraft:pig":2,"minecraft:salmon":23,"minecraft:squid":1,"minecraft:zombie":2},"minecraft:custom":{"minecraft:interact_with_furnace":15,"minecraft:mob_kills":28,"minecraft:interact_with_crafting_table":14,"minecraft:leave_game":2,"minecraft:time_since_death":38152,"minecraft:climb_one_cm":26351,"minecraft:time_since_rest":38309,"minecraft:sprint_one_cm":290853,"minecraft:damage_taken":4211,"minecraft:walk_one_cm":126861,"minecraft:drop":33,"minecraft:damage_dealt":2438,"minecraft:swim_one_cm":53930,"minecraft:player_kills":3,"minecraft:fly_one_cm":346503,"minecraft:open_chest":11,"minecraft:crouch_one_cm":81374,"minecraft:play_time":117380,"minecraft:deaths":12,"minecraft:sneak_time":31248,"minecraft:walk_under_water_one_cm":17291,"minecraft:jump":2624,"minecraft:walk_on_water_one_cm":15731,"minecraft:total_world_time":117380,"minecraft:fall_one_cm":102023},"minecraft:crafted":{"minecraft:oak_door":3,"minecraft:oak_planks":192,"minecraft:cooked_porkchop":3,"minecraft:crafting_table":2,"minecraft:wooden_pickaxe":2,"minecraft:furnace":1,"minecraft:air":0,"minecraft:iron_chestplate":1,"minecraft:stick":32,"minecraft:iron_pickaxe":2,"minecraft:stone_pickaxe":7,"minecraft:wooden_axe":2,"minecraft:iron_leggings":1},"minecraft:used":{"minecraft:stone_sword":41,"minecraft:stone_pickaxe":710,"minecraft:oak_planks":29,"minecraft:wooden_pickaxe":44,"minecraft:cooked_salmon":2,"minecraft:oak_door":1,"minecraft:salmon":7,"minecraft:dirt":18,"minecraft:crafting_table":5,"minecraft:wooden_axe":55,"minecraft:iron_pickaxe":129,"minecraft:wooden_sword":11,"minecraft:cobblestone":376,"minecraft:golden_carrot":2,"minecraft:porkchop":2,"minecraft:furnace":1,"minecraft:oak_sapling":1,"minecraft:cooked_porkchop":6,"minecraft:cooked_beef":1},"minecraft:mined":{"minecraft:dark_oak_leaves":7,"minecraft:lily_of_the_valley":1,"minecraft:player_wall_head":4,"minecraft:jungle_leaves":30,"minecraft:crafting_table":3,"minecraft:grass_block":6,"minecraft:copper_ore":4,"minecraft:cobblestone":22,"minecraft:glowstone":2,"minecraft:birch_log":2,"minecraft:iron_ore":27,"minecraft:birch_leaves":1,"minecraft:pumpkin":8,"minecraft:gold_block":9,"minecraft:bee_nest":1,"minecraft:grass":18,"minecraft:pointed_dripstone":7,"minecraft:oak_log":35,"minecraft:coal_ore":95,"minecraft:cocoa":1,"minecraft:dirt":25,"minecraft:stripped_oak_log":3,"minecraft:bamboo":4,"minecraft:stone":698,"minecraft:netherrack":1,"minecraft:player_head":3,"minecraft:oak_leaves":10,"minecraft:redstone_wall_torch":1,"minecraft:fern":5},"minecraft:dropped":{"minecraft:furnace":1,"minecraft:stone_axe":1,"minecraft:birch_planks":6,"minecraft:wheat_seeds":2,"minecraft:player_head":1,"minecraft:stone_sword":1,"minecraft:crafting_table":1,"minecraft:raw_iron":6,"minecraft:cobblestone":8,"minecraft:oak_planks":70,"minecraft:apple":1,"minecraft:coal":12,"minecraft:stick":6,"minecraft:gold_block":9,"minecraft:iron_chestplate":1,"minecraft:wooden_axe":2,"minecraft:oak_sapling":2,"minecraft:iron_leggings":1,"minecraft:redstone_torch":4,"minecraft:wooden_sword":2,"minecraft:stone_pickaxe":1,"minecraft:wooden_pickaxe":2,"minecraft:iron_pickaxe":3,"minecraft:netherrack":1,"minecraft:oak_door":2},"minecraft:killed_by":{"minecraft:player":2,"minecraft:skeleton":2,"minecraft:creeper":1}},"DataVersion":3465}