{"stats":{"minecraft:used":{"minecraft:cooked_beef":1},"minecraft:dropped":{"minecraft:wheat_seeds":1,"minecraft:stick":1},"minecraft:killed_by":{"minecraft:skeleton":1,"minecraft:player":1},"minecraft:picked_up":{"minecraft:stick":3,"minecraft:cooked_beef":64,"minecraft:wheat_seeds":1,"minecraft:glowstone_dust":2},"minecraft:mined":{"minecraft:grass":5,"minecraft:glowstone":2,"minecraft:dark_oak_leaves":7,"minecraft:jungle_leaves":30,"minecraft:birch_leaves":1,"minecraft:oak_leaves":3},"minecraft:custom":{"minecraft:time_since_rest":4322,"minecraft:crouch_one_cm":3434,"minecraft:walk_one_cm":22860,"minecraft:play_time":17750,"minecraft:sprint_one_cm":69306,"minecraft:damage_taken":1273,"minecraft:deaths":4,"minecraft:sneak_time":1538,"minecraft:walk_under_water_one_cm":1428,"minecraft:drop":2,"minecraft:jump":754,"minecraft:damage_dealt":64,"minecraft:leave_game":1,"minecraft:walk_on_water_one_cm":4602,"minecraft:time_since_death":4296,"minecraft:total_world_time":17750,"minecraft:climb_one_cm":7132,"minecraft:swim_one_cm":740,"minecraft:fall_one_cm":33586,"minecraft:fly_one_cm":121341}},"DataVersion":3465}