{"stats":{"minecraft:picked_up":{"minecraft:stick":3,"minecraft:cooked_beef":64,"minecraft:wheat_seeds":1,"minecraft:glowstone_dust":2},"minecraft:custom":{"minecraft:time_since_rest":7952,"minecraft:crouch_one_cm":5264,"minecraft:damage_taken":1273,"minecraft:play_time":21380,"minecraft:sprint_one_cm":76888,"minecraft:walk_one_cm":27709,"minecraft:deaths":4,"minecraft:sneak_time":1935,"minecraft:walk_under_water_one_cm":1428,"minecraft:drop":2,"minecraft:jump":820,"minecraft:damage_dealt":64,"minecraft:leave_game":2,"minecraft:walk_on_water_one_cm":4602,"minecraft:time_since_death":7926,"minecraft:total_world_time":21380,"minecraft:climb_one_cm":7994,"minecraft:swim_one_cm":740,"minecraft:fall_one_cm":34004,"minecraft:fly_one_cm":128826},"minecraft:used":{"minecraft:cooked_beef":1},"minecraft:dropped":{"minecraft:wheat_seeds":1,"minecraft:stick":1},"minecraft:mined":{"minecraft:grass":5,"minecraft:glowstone":2,"minecraft:dark_oak_leaves":7,"minecraft:jungle_leaves":30,"minecraft:birch_leaves":1,"minecraft:oak_leaves":3},"minecraft:killed_by":{"minecraft:skeleton":1,"minecraft:player":1}},"DataVersion":3465}