{"stats":{"minecraft:used":{"minecraft:cooked_beef":1},"minecraft:picked_up":{"minecraft:cooked_beef":64},"minecraft:killed_by":{"minecraft:player":1,"minecraft:skeleton":1},"minecraft:mined":{"minecraft:grass":1,"minecraft:birch_leaves":1,"minecraft:oak_leaves":1},"minecraft:custom":{"minecraft:jump":290,"minecraft:time_since_rest":580,"minecraft:deaths":2,"minecraft:damage_dealt":64,"minecraft:crouch_one_cm":92,"minecraft:sprint_one_cm":28980,"minecraft:play_time":6000,"minecraft:damage_taken":513,"minecraft:time_since_death":551,"minecraft:walk_one_cm":13705,"minecraft:sneak_time":36,"minecraft:total_world_time":6000,"minecraft:fall_one_cm":10084,"minecraft:fly_one_cm":49672}},"DataVersion":3465}