{"stats":{"minecraft:broken":{"minecraft:stone_pickaxe":2},"minecraft:picked_up":{"minecraft:wooden_axe":1,"minecraft:birch_log":2,"minecraft:raw_iron":6,"minecraft:stick":6,"minecraft:crafting_table":2,"minecraft:cooked_beef":64,"minecraft:golden_carrot":2,"minecraft:wooden_pickaxe":1,"minecraft:porkchop":5,"minecraft:oak_log":28,"minecraft:wooden_sword":1,"minecraft:apple":1,"minecraft:wheat_seeds":1,"minecraft:iron_ingot":6,"minecraft:iron_pickaxe":1,"minecraft:glowstone_dust":2,"minecraft:oak_sapling":5,"minecraft:coal":14,"minecraft:oak_planks":16,"minecraft:cobblestone":424},"minecraft:killed":{"minecraft:zombie":2,"minecraft:pig":2},"minecraft:custom":{"minecraft:time_since_rest":3211,"minecraft:interact_with_furnace":9,"minecraft:sprint_one_cm":130763,"minecraft:damage_taken":2575,"minecraft:walk_one_cm":52760,"minecraft:mob_kills":4,"minecraft:drop":5,"minecraft:damage_dealt":1055,"minecraft:interact_with_crafting_table":7,"minecraft:swim_one_cm":740,"minecraft:fly_one_cm":179603,"minecraft:player_kills":1,"minecraft:crouch_one_cm":35875,"minecraft:play_time":51380,"minecraft:deaths":7,"minecraft:sneak_time":14630,"minecraft:walk_under_water_one_cm":1428,"minecraft:jump":1243,"minecraft:leave_game":2,"minecraft:time_since_death":2449,"minecraft:walk_on_water_one_cm":4602,"minecraft:climb_one_cm":8843,"minecraft:total_world_time":51380,"minecraft:fall_one_cm":52333},"minecraft:crafted":{"minecraft:oak_planks":112,"minecraft:cooked_porkchop":3,"minecraft:crafting_table":1,"minecraft:stick":12,"minecraft:iron_pickaxe":2,"minecraft:wooden_pickaxe":1,"minecraft:stone_pickaxe":3,"minecraft:wooden_axe":1,"minecraft:furnace":1,"minecraft:air":0},"minecraft:used":{"minecraft:wooden_axe":33,"minecraft:oak_planks":2,"minecraft:stone_pickaxe":392,"minecraft:iron_pickaxe":3,"minecraft:wooden_pickaxe":44,"minecraft:wooden_sword":11,"minecraft:cobblestone":52,"minecraft:oak_sapling":1,"minecraft:crafting_table":3,"minecraft:cooked_porkchop":3,"minecraft:furnace":1,"minecraft:porkchop":2,"minecraft:cooked_beef":1},"minecraft:dropped":{"minecraft:wheat_seeds":1,"minecraft:oak_sapling":2,"minecraft:iron_pickaxe":2,"minecraft:stick":1},"minecraft:mined":{"minecraft:glowstone":2,"minecraft:dark_oak_leaves":7,"minecraft:birch_log":2,"minecraft:jungle_leaves":30,"minecraft:birch_leaves":1,"minecraft:crafting_table":1,"minecraft:grass":5,"minecraft:coal_ore":14,"minecraft:oak_log":27,"minecraft:cobblestone":8,"minecraft:stone":417,"minecraft:oak_leaves":8,"minecraft:fern":2},"minecraft:killed_by":{"minecraft:player":2,"minecraft:skeleton":1}},"DataVersion":3465}