{"stats":{"minecraft:picked_up":{"minecraft:wooden_axe":1,"minecraft:birch_log":2,"minecraft:stick":6,"minecraft:crafting_table":2,"minecraft:cooked_beef":64,"minecraft:wooden_pickaxe":1,"minecraft:porkchop":2,"minecraft:oak_log":23,"minecraft:wooden_sword":1,"minecraft:wheat_seeds":1,"minecraft:glowstone_dust":2,"minecraft:oak_sapling":2,"minecraft:oak_planks":16,"minecraft:cobblestone":25},"minecraft:killed":{"minecraft:zombie":2,"minecraft:pig":1},"minecraft:custom":{"minecraft:time_since_rest":4618,"minecraft:sprint_one_cm":97954,"minecraft:damage_taken":1925,"minecraft:walk_one_cm":35981,"minecraft:mob_kills":3,"minecraft:drop":3,"minecraft:damage_dealt":834,"minecraft:interact_with_crafting_table":1,"minecraft:swim_one_cm":740,"minecraft:fly_one_cm":147177,"minecraft:player_kills":1,"minecraft:crouch_one_cm":10901,"minecraft:play_time":27380,"minecraft:deaths":6,"minecraft:sneak_time":4268,"minecraft:walk_under_water_one_cm":1428,"minecraft:jump":938,"minecraft:leave_game":2,"minecraft:time_since_death":4592,"minecraft:walk_on_water_one_cm":4602,"minecraft:climb_one_cm":8391,"minecraft:total_world_time":27380,"minecraft:fall_one_cm":39508},"minecraft:crafted":{"minecraft:oak_planks":24,"minecraft:crafting_table":1,"minecraft:stick":4,"minecraft:wooden_pickaxe":1,"minecraft:wooden_axe":1},"minecraft:used":{"minecraft:wooden_axe":33,"minecraft:wooden_pickaxe":25,"minecraft:wooden_sword":3,"minecraft:crafting_table":1,"minecraft:porkchop":2,"minecraft:cooked_beef":1},"minecraft:dropped":{"minecraft:wheat_seeds":1,"minecraft:oak_sapling":2,"minecraft:stick":1},"minecraft:mined":{"minecraft:glowstone":2,"minecraft:dark_oak_leaves":7,"minecraft:birch_log":2,"minecraft:jungle_leaves":30,"minecraft:birch_leaves":1,"minecraft:crafting_table":1,"minecraft:grass":5,"minecraft:oak_log":23,"minecraft:stone":25,"minecraft:oak_leaves":5,"minecraft:fern":1},"minecraft:killed_by":{"minecraft:player":2,"minecraft:skeleton":1}},"DataVersion":3465}