{"stats":{"minecraft:broken":{"minecraft:stone_pickaxe":2},"minecraft:picked_up":{"minecraft:wooden_axe":3,"minecraft:birch_log":2,"minecraft:cocoa_beans":3,"minecraft:crafting_table":6,"minecraft:cooked_beef":64,"minecraft:golden_carrot":4,"minecraft:salmon":13,"minecraft:wooden_pickaxe":3,"minecraft:gold_block":9,"minecraft:birch_planks":6,"minecraft:oak_log":45,"minecraft:dirt":33,"minecraft:wooden_sword":3,"minecraft:apple":1,"minecraft:wheat_seeds":3,"minecraft:iron_ingot":6,"minecraft:stone_pickaxe":1,"minecraft:redstone_torch":4,"minecraft:player_head":10,"minecraft:iron_pickaxe":5,"minecraft:bamboo":30,"minecraft:glowstone_dust":2,"minecraft:oak_planks":120,"minecraft:furnace":1,"minecraft:stick":11,"minecraft:raw_iron":11,"minecraft:pumpkin":8,"minecraft:porkchop":5,"minecraft:lily_of_the_valley":1,"minecraft:stone_sword":3,"minecraft:stone_axe":2,"minecraft:bone_meal":1,"minecraft:oak_sapling":5,"minecraft:netherrack":1,"minecraft:coal":65,"minecraft:cobblestone":899,"minecraft:stripped_oak_log":3},"minecraft:killed":{"minecraft:pig":2,"minecraft:salmon":16,"minecraft:zombie":2},"minecraft:custom":{"minecraft:interact_with_furnace":11,"minecraft:mob_kills":20,"minecraft:interact_with_crafting_table":11,"minecraft:leave_game":2,"minecraft:time_since_death":14152,"minecraft:climb_one_cm":25423,"minecraft:time_since_rest":14309,"minecraft:sprint_one_cm":235346,"minecraft:damage_taken":4145,"minecraft:walk_one_cm":101856,"minecraft:drop":28,"minecraft:damage_dealt":2084,"minecraft:swim_one_cm":39530,"minecraft:player_kills":3,"minecraft:fly_one_cm":295024,"minecraft:open_chest":1,"minecraft:crouch_one_cm":61506,"minecraft:play_time":93380,"minecraft:deaths":12,"minecraft:sneak_time":23426,"minecraft:walk_under_water_one_cm":14880,"minecraft:jump":2163,"minecraft:walk_on_water_one_cm":13801,"minecraft:total_world_time":93380,"minecraft:fall_one_cm":94630},"minecraft:crafted":{"minecraft:oak_door":3,"minecraft:oak_planks":192,"minecraft:cooked_porkchop":3,"minecraft:crafting_table":2,"minecraft:wooden_pickaxe":2,"minecraft:furnace":1,"minecraft:air":0,"minecraft:stick":24,"minecraft:iron_pickaxe":2,"minecraft:stone_pickaxe":5,"minecraft:wooden_axe":2},"minecraft:used":{"minecraft:stone_sword":19,"minecraft:stone_pickaxe":444,"minecraft:oak_planks":29,"minecraft:wooden_pickaxe":44,"minecraft:oak_door":1,"minecraft:salmon":7,"minecraft:dirt":18,"minecraft:crafting_table":5,"minecraft:wooden_axe":55,"minecraft:iron_pickaxe":117,"minecraft:wooden_sword":11,"minecraft:cobblestone":281,"minecraft:golden_carrot":2,"minecraft:porkchop":2,"minecraft:furnace":1,"minecraft:oak_sapling":1,"minecraft:cooked_porkchop":3,"minecraft:cooked_beef":1},"minecraft:mined":{"minecraft:dark_oak_leaves":7,"minecraft:lily_of_the_valley":1,"minecraft:player_wall_head":4,"minecraft:jungle_leaves":30,"minecraft:crafting_table":3,"minecraft:grass_block":5,"minecraft:cobblestone":20,"minecraft:glowstone":2,"minecraft:birch_log":2,"minecraft:iron_ore":5,"minecraft:birch_leaves":1,"minecraft:pumpkin":8,"minecraft:gold_block":9,"minecraft:bee_nest":1,"minecraft:grass":18,"minecraft:oak_log":35,"minecraft:coal_ore":65,"minecraft:cocoa":1,"minecraft:dirt":23,"minecraft:stripped_oak_log":3,"minecraft:bamboo":4,"minecraft:stone":494,"minecraft:netherrack":1,"minecraft:player_head":3,"minecraft:oak_leaves":10,"minecraft:fern":5},"minecraft:dropped":{"minecraft:furnace":1,"minecraft:stone_axe":1,"minecraft:birch_planks":6,"minecraft:wheat_seeds":1,"minecraft:stone_sword":1,"minecraft:crafting_table":1,"minecraft:cobblestone":8,"minecraft:oak_planks":70,"minecraft:apple":1,"minecraft:coal":12,"minecraft:stick":6,"minecraft:gold_block":9,"minecraft:wooden_axe":2,"minecraft:oak_sapling":2,"minecraft:redstone_torch":4,"minecraft:wooden_sword":2,"minecraft:stone_pickaxe":1,"minecraft:wooden_pickaxe":2,"minecraft:iron_pickaxe":3,"minecraft:netherrack":1,"minecraft:oak_door":2},"minecraft:killed_by":{"minecraft:player":2,"minecraft:skeleton":2,"minecraft:creeper":1}},"DataVersion":3465}