{"stats":{"minecraft:broken":{"minecraft:stone_pickaxe":2},"minecraft:picked_up":{"minecraft:wooden_axe":1,"minecraft:birch_log":2,"minecraft:crafting_table":2,"minecraft:cooked_beef":64,"minecraft:golden_carrot":4,"minecraft:wooden_pickaxe":1,"minecraft:oak_log":28,"minecraft:wooden_sword":1,"minecraft:apple":1,"minecraft:wheat_seeds":1,"minecraft:iron_ingot":6,"minecraft:player_head":9,"minecraft:iron_pickaxe":2,"minecraft:glowstone_dust":2,"minecraft:oak_planks":80,"minecraft:stick":6,"minecraft:raw_iron":6,"minecraft:porkchop":5,"minecraft:stone_sword":1,"minecraft:stone_axe":1,"minecraft:oak_sapling":5,"minecraft:coal":53,"minecraft:cobblestone":764},"minecraft:killed":{"minecraft:pig":2,"minecraft:zombie":2},"minecraft:custom":{"minecraft:interact_with_furnace":9,"minecraft:mob_kills":4,"minecraft:interact_with_crafting_table":8,"minecraft:leave_game":2,"minecraft:time_since_death":14449,"minecraft:climb_one_cm":13966,"minecraft:time_since_rest":15211,"minecraft:sprint_one_cm":151181,"minecraft:damage_taken":2857,"minecraft:walk_one_cm":66645,"minecraft:drop":6,"minecraft:damage_dealt":1082,"minecraft:swim_one_cm":740,"minecraft:player_kills":1,"minecraft:fly_one_cm":195783,"minecraft:open_chest":1,"minecraft:crouch_one_cm":42781,"minecraft:play_time":63380,"minecraft:deaths":7,"minecraft:sneak_time":17192,"minecraft:walk_under_water_one_cm":1428,"minecraft:jump":1470,"minecraft:walk_on_water_one_cm":4699,"minecraft:total_world_time":63380,"minecraft:fall_one_cm":62002},"minecraft:crafted":{"minecraft:oak_planks":112,"minecraft:cooked_porkchop":3,"minecraft:crafting_table":1,"minecraft:wooden_pickaxe":1,"minecraft:furnace":1,"minecraft:air":0,"minecraft:stick":20,"minecraft:iron_pickaxe":2,"minecraft:stone_pickaxe":5,"minecraft:wooden_axe":1},"minecraft:used":{"minecraft:stone_sword":1,"minecraft:stone_pickaxe":439,"minecraft:oak_planks":5,"minecraft:wooden_pickaxe":44,"minecraft:crafting_table":3,"minecraft:wooden_axe":33,"minecraft:iron_pickaxe":3,"minecraft:wooden_sword":11,"minecraft:cobblestone":111,"minecraft:golden_carrot":2,"minecraft:porkchop":2,"minecraft:furnace":1,"minecraft:oak_sapling":1,"minecraft:cooked_porkchop":3,"minecraft:cooked_beef":1},"minecraft:mined":{"minecraft:dark_oak_leaves":7,"minecraft:player_wall_head":4,"minecraft:jungle_leaves":30,"minecraft:crafting_table":1,"minecraft:cobblestone":8,"minecraft:glowstone":2,"minecraft:birch_log":2,"minecraft:birch_leaves":1,"minecraft:grass":5,"minecraft:oak_log":27,"minecraft:coal_ore":53,"minecraft:stone":424,"minecraft:player_head":3,"minecraft:oak_leaves":8,"minecraft:fern":2},"minecraft:dropped":{"minecraft:wheat_seeds":1,"minecraft:apple":1,"minecraft:stick":1,"minecraft:oak_sapling":2,"minecraft:iron_pickaxe":2},"minecraft:killed_by":{"minecraft:player":2,"minecraft:skeleton":1}},"DataVersion":3465}