{"stats":{"minecraft:broken":{"minecraft:stone_pickaxe":1},"minecraft:picked_up":{"minecraft:wooden_axe":3,"minecraft:birch_log":2,"minecraft:stick":5,"minecraft:raw_iron":6,"minecraft:feather":1,"minecraft:golden_carrot":2,"minecraft:andesite":2,"minecraft:wooden_pickaxe":2,"minecraft:oak_log":14,"minecraft:dirt":8,"minecraft:wooden_sword":2,"minecraft:apple":1,"minecraft:stone_pickaxe":2,"minecraft:player_head":6,"minecraft:iron_pickaxe":3,"minecraft:oak_sapling":2,"minecraft:glow_berries":3,"minecraft:oak_planks":100,"minecraft:coal":54,"minecraft:cobblestone":493},"minecraft:killed":{"minecraft:parrot":1,"minecraft:zombie":1},"minecraft:custom":{"minecraft:time_since_rest":2575,"minecraft:interact_with_furnace":4,"minecraft:sprint_one_cm":74854,"minecraft:damage_taken":882,"minecraft:walk_one_cm":87159,"minecraft:mob_kills":2,"minecraft:drop":27,"minecraft:damage_dealt":270,"minecraft:swim_one_cm":2223,"minecraft:interact_with_crafting_table":7,"minecraft:open_chest":2,"minecraft:fly_one_cm":44521,"minecraft:crouch_one_cm":6819,"minecraft:play_time":42000,"minecraft:deaths":2,"minecraft:sneak_time":3494,"minecraft:walk_under_water_one_cm":2727,"minecraft:jump":757,"minecraft:walk_on_water_one_cm":2065,"minecraft:time_since_death":2507,"minecraft:total_world_time":42000,"minecraft:climb_one_cm":13110,"minecraft:fall_one_cm":23534},"minecraft:crafted":{"minecraft:oak_planks":56,"minecraft:crafting_table":1,"minecraft:stick":8,"minecraft:wooden_pickaxe":1,"minecraft:iron_ingot":6,"minecraft:stone_pickaxe":1,"minecraft:wooden_axe":1,"minecraft:chest":1,"minecraft:stone_sword":1,"minecraft:birch_planks":8,"minecraft:stone_axe":1,"minecraft:air":0},"minecraft:used":{"minecraft:wooden_axe":4,"minecraft:apple":1,"minecraft:stone_sword":1,"minecraft:stone_pickaxe":122,"minecraft:oak_planks":32,"minecraft:chest":1,"minecraft:wooden_pickaxe":3,"minecraft:stone_axe":9,"minecraft:glow_berries":3,"minecraft:dirt":8,"minecraft:cobblestone":81,"minecraft:crafting_table":1,"minecraft:andesite":2},"minecraft:mined":{"minecraft:player_wall_head":3,"minecraft:iron_ore":6,"minecraft:jungle_leaves":3,"minecraft:andesite":2,"minecraft:coal_ore":13,"minecraft:grass_block":1,"minecraft:oak_log":15,"minecraft:dirt":7,"minecraft:cobblestone":14,"minecraft:stone":88,"minecraft:oak_planks":2,"minecraft:player_head":4,"minecraft:oak_leaves":2},"minecraft:dropped":{"minecraft:stone_axe":1,"minecraft:iron_ingot":6,"minecraft:golden_carrot":2,"minecraft:stone_sword":1,"minecraft:wooden_axe":1,"minecraft:raw_iron":6,"minecraft:feather":1,"minecraft:cobblestone":332,"minecraft:oak_planks":64,"minecraft:iron_pickaxe":2},"minecraft:killed_by":{"minecraft:player":1}},"DataVersion":3465}