{"stats":{"minecraft:picked_up":{"minecraft:wooden_axe":2,"minecraft:birch_log":2,"minecraft:stick":3,"minecraft:raw_iron":6,"minecraft:feather":1,"minecraft:golden_carrot":2,"minecraft:wooden_pickaxe":2,"minecraft:oak_log":14,"minecraft:dirt":8,"minecraft:wooden_sword":1,"minecraft:stone_pickaxe":1,"minecraft:iron_pickaxe":2,"minecraft:oak_sapling":2,"minecraft:oak_planks":60,"minecraft:coal":26,"minecraft:cobblestone":438},"minecraft:killed":{"minecraft:parrot":1,"minecraft:zombie":1},"minecraft:custom":{"minecraft:time_since_rest":24000,"minecraft:interact_with_furnace":4,"minecraft:sprint_one_cm":30172,"minecraft:damage_taken":175,"minecraft:walk_one_cm":61443,"minecraft:mob_kills":2,"minecraft:drop":14,"minecraft:damage_dealt":270,"minecraft:interact_with_crafting_table":6,"minecraft:fly_one_cm":11111,"minecraft:crouch_one_cm":3794,"minecraft:play_time":24000,"minecraft:sneak_time":1793,"minecraft:walk_under_water_one_cm":1598,"minecraft:jump":311,"minecraft:walk_on_water_one_cm":1616,"minecraft:time_since_death":24000,"minecraft:total_world_time":24000,"minecraft:climb_one_cm":4444,"minecraft:fall_one_cm":4240},"minecraft:crafted":{"minecraft:oak_planks":56,"minecraft:crafting_table":1,"minecraft:stick":8,"minecraft:wooden_pickaxe":1,"minecraft:iron_ingot":6,"minecraft:stone_pickaxe":1,"minecraft:wooden_axe":1,"minecraft:stone_sword":1,"minecraft:stone_axe":1,"minecraft:air":0},"minecraft:used":{"minecraft:wooden_axe":2,"minecraft:stone_sword":1,"minecraft:stone_pickaxe":100,"minecraft:wooden_pickaxe":3,"minecraft:stone_axe":9,"minecraft:dirt":8,"minecraft:cobblestone":13},"minecraft:mined":{"minecraft:iron_ore":6,"minecraft:jungle_leaves":3,"minecraft:coal_ore":12,"minecraft:grass_block":1,"minecraft:oak_log":15,"minecraft:dirt":7,"minecraft:stone":85,"minecraft:oak_leaves":2},"minecraft:dropped":{"minecraft:iron_ingot":6,"minecraft:wooden_axe":1,"minecraft:raw_iron":6,"minecraft:feather":1}},"DataVersion":3465}