{"stats":{"minecraft:broken":{"minecraft:stone_pickaxe":2},"minecraft:picked_up":{"minecraft:wooden_axe":5,"minecraft:birch_log":2,"minecraft:iron_chestplate":1,"minecraft:crafting_table":1,"minecraft:wheat":1,"minecraft:feather":1,"minecraft:golden_carrot":2,"minecraft:andesite":2,"minecraft:wooden_pickaxe":4,"minecraft:birch_planks":6,"minecraft:gold_block":9,"minecraft:oak_log":19,"minecraft:dirt":26,"minecraft:wooden_sword":4,"minecraft:iron_leggings":1,"minecraft:armor_stand":6,"minecraft:apple":1,"minecraft:wheat_seeds":18,"minecraft:bucket":1,"minecraft:stone_pickaxe":5,"minecraft:redstone_torch":7,"minecraft:player_head":12,"minecraft:poppy":3,"minecraft:iron_pickaxe":7,"minecraft:chest":1,"minecraft:oak_planks":181,"minecraft:furnace":1,"minecraft:stick":14,"minecraft:raw_iron":18,"minecraft:oak_door":2,"minecraft:stone_sword":2,"minecraft:rotten_flesh":5,"minecraft:stone_axe":2,"minecraft:oak_sapling":2,"minecraft:netherrack":1,"minecraft:glow_berries":3,"minecraft:coal":105,"minecraft:cobblestone":711},"minecraft:killed":{"minecraft:parrot":1,"minecraft:zombie":4},"minecraft:custom":{"minecraft:interact_with_furnace":56,"minecraft:mob_kills":5,"minecraft:interact_with_crafting_table":23,"minecraft:leave_game":1,"minecraft:time_since_death":65344,"minecraft:climb_one_cm":14858,"minecraft:time_since_rest":65412,"minecraft:sprint_one_cm":198262,"minecraft:damage_taken":1184,"minecraft:walk_one_cm":224443,"minecraft:drop":55,"minecraft:damage_dealt":730,"minecraft:swim_one_cm":7390,"minecraft:fly_one_cm":114944,"minecraft:open_chest":54,"minecraft:crouch_one_cm":18064,"minecraft:play_time":104837,"minecraft:deaths":2,"minecraft:sneak_time":6861,"minecraft:walk_under_water_one_cm":5863,"minecraft:jump":1557,"minecraft:walk_on_water_one_cm":2768,"minecraft:total_world_time":104837,"minecraft:fall_one_cm":37631},"minecraft:crafted":{"minecraft:oak_planks":76,"minecraft:crafting_table":1,"minecraft:wooden_pickaxe":1,"minecraft:furnace":1,"minecraft:cooked_salmon":6,"minecraft:stone":4,"minecraft:bucket":1,"minecraft:birch_planks":8,"minecraft:stone_axe":1,"minecraft:air":0,"minecraft:iron_chestplate":1,"minecraft:shield":1,"minecraft:stick":12,"minecraft:iron_ingot":36,"minecraft:stone_pickaxe":1,"minecraft:wooden_axe":1,"minecraft:stone_sword":2,"minecraft:chest":3,"minecraft:iron_leggings":1,"minecraft:torch":4,"minecraft:stone_hoe":1},"minecraft:used":{"minecraft:wheat_seeds":18,"minecraft:water_bucket":10,"minecraft:stone_sword":6,"minecraft:armor_stand":6,"minecraft:stone_pickaxe":188,"minecraft:poppy":1,"minecraft:oak_planks":40,"minecraft:chest":4,"minecraft:wooden_pickaxe":3,"minecraft:stone":4,"minecraft:cooked_salmon":4,"minecraft:stone_hoe":55,"minecraft:rotten_flesh":5,"minecraft:iron_chestplate":1,"minecraft:torch":4,"minecraft:glow_berries":3,"minecraft:dirt":25,"minecraft:crafting_table":2,"minecraft:redstone_torch":4,"minecraft:wooden_axe":4,"minecraft:apple":1,"minecraft:iron_pickaxe":28,"minecraft:stone_axe":14,"minecraft:wooden_sword":11,"minecraft:cobblestone":185,"minecraft:furnace":2,"minecraft:bucket":10,"minecraft:andesite":2,"minecraft:bone_meal":2,"minecraft:iron_leggings":2},"minecraft:mined":{"minecraft:player_wall_head":3,"minecraft:jungle_leaves":3,"minecraft:grass_block":6,"minecraft:poppy":1,"minecraft:chest":1,"minecraft:cobblestone":48,"minecraft:oak_planks":2,"minecraft:iron_ore":8,"minecraft:wheat":1,"minecraft:birch_leaves":2,"minecraft:andesite":2,"minecraft:grass":78,"minecraft:oak_log":19,"minecraft:coal_ore":13,"minecraft:dirt":22,"minecraft:stone":143,"minecraft:player_head":4,"minecraft:oak_leaves":12,"minecraft:redstone_wall_torch":3},"minecraft:dropped":{"minecraft:iron_ingot":23,"minecraft:stone_axe":1,"minecraft:stone_sword":2,"minecraft:raw_iron":6,"minecraft:feather":1,"minecraft:cobblestone":332,"minecraft:oak_planks":64,"minecraft:poppy":2,"minecraft:golden_carrot":2,"minecraft:iron_chestplate":1,"minecraft:wooden_axe":1,"minecraft:cooked_salmon":2,"minecraft:iron_leggings":1,"minecraft:iron_pickaxe":5,"minecraft:bucket":1},"minecraft:killed_by":{"minecraft:player":1}},"DataVersion":3465}