{"stats":{"minecraft:broken":{"minecraft:stone_pickaxe":2},"minecraft:picked_up":{"minecraft:wooden_axe":5,"minecraft:birch_log":2,"minecraft:crafting_table":1,"minecraft:feather":1,"minecraft:golden_carrot":2,"minecraft:andesite":2,"minecraft:wooden_pickaxe":4,"minecraft:birch_planks":6,"minecraft:gold_block":9,"minecraft:oak_log":15,"minecraft:dirt":21,"minecraft:wooden_sword":4,"minecraft:armor_stand":6,"minecraft:apple":1,"minecraft:stone_pickaxe":5,"minecraft:redstone_torch":4,"minecraft:player_head":11,"minecraft:iron_pickaxe":7,"minecraft:chest":1,"minecraft:oak_planks":181,"minecraft:furnace":1,"minecraft:stick":14,"minecraft:raw_iron":11,"minecraft:oak_door":2,"minecraft:stone_sword":2,"minecraft:rotten_flesh":2,"minecraft:stone_axe":2,"minecraft:oak_sapling":2,"minecraft:netherrack":1,"minecraft:glow_berries":3,"minecraft:coal":105,"minecraft:cobblestone":697},"minecraft:killed":{"minecraft:parrot":1,"minecraft:zombie":2},"minecraft:custom":{"minecraft:interact_with_furnace":9,"minecraft:mob_kills":3,"minecraft:interact_with_crafting_table":11,"minecraft:time_since_death":26507,"minecraft:climb_one_cm":14806,"minecraft:time_since_rest":26575,"minecraft:sprint_one_cm":97418,"minecraft:damage_taken":1052,"minecraft:walk_one_cm":126221,"minecraft:drop":31,"minecraft:damage_dealt":331,"minecraft:swim_one_cm":2223,"minecraft:fly_one_cm":61273,"minecraft:open_chest":12,"minecraft:crouch_one_cm":16065,"minecraft:play_time":66000,"minecraft:deaths":2,"minecraft:sneak_time":6232,"minecraft:walk_under_water_one_cm":2727,"minecraft:jump":1014,"minecraft:walk_on_water_one_cm":2335,"minecraft:total_world_time":66000,"minecraft:fall_one_cm":29444},"minecraft:crafted":{"minecraft:oak_planks":60,"minecraft:crafting_table":1,"minecraft:wooden_pickaxe":1,"minecraft:birch_planks":8,"minecraft:stone_axe":1,"minecraft:air":0,"minecraft:stick":8,"minecraft:iron_ingot":6,"minecraft:stone_pickaxe":1,"minecraft:wooden_axe":1,"minecraft:stone_sword":1,"minecraft:chest":3},"minecraft:used":{"minecraft:stone_sword":2,"minecraft:armor_stand":6,"minecraft:stone_pickaxe":188,"minecraft:oak_planks":40,"minecraft:chest":4,"minecraft:wooden_pickaxe":3,"minecraft:rotten_flesh":2,"minecraft:glow_berries":3,"minecraft:dirt":19,"minecraft:crafting_table":2,"minecraft:redstone_torch":4,"minecraft:wooden_axe":4,"minecraft:apple":1,"minecraft:iron_pickaxe":12,"minecraft:stone_axe":10,"minecraft:wooden_sword":6,"minecraft:cobblestone":182,"minecraft:furnace":1,"minecraft:andesite":2},"minecraft:mined":{"minecraft:player_wall_head":3,"minecraft:jungle_leaves":3,"minecraft:grass_block":4,"minecraft:chest":1,"minecraft:cobblestone":37,"minecraft:oak_planks":2,"minecraft:iron_ore":6,"minecraft:andesite":2,"minecraft:oak_log":15,"minecraft:coal_ore":13,"minecraft:dirt":19,"minecraft:stone":140,"minecraft:player_head":4,"minecraft:oak_leaves":2},"minecraft:dropped":{"minecraft:iron_ingot":6,"minecraft:stone_axe":1,"minecraft:stone_sword":2,"minecraft:raw_iron":6,"minecraft:feather":1,"minecraft:cobblestone":332,"minecraft:oak_planks":64,"minecraft:golden_carrot":2,"minecraft:wooden_axe":1,"minecraft:iron_pickaxe":5},"minecraft:killed_by":{"minecraft:player":1}},"DataVersion":3465}