{"stats":{"minecraft:picked_up":{"minecraft:raw_iron":6,"minecraft:stick":2,"minecraft:oak_log":14,"minecraft:iron_pickaxe":1,"minecraft:dirt":8,"minecraft:cobblestone":81},"minecraft:killed":{"minecraft:zombie":1},"minecraft:custom":{"minecraft:time_since_rest":12000,"minecraft:interact_with_furnace":4,"minecraft:crouch_one_cm":2898,"minecraft:play_time":12000,"minecraft:sprint_one_cm":30172,"minecraft:damage_taken":155,"minecraft:walk_one_cm":29751,"minecraft:sneak_time":1522,"minecraft:mob_kills":1,"minecraft:drop":13,"minecraft:jump":157,"minecraft:damage_dealt":210,"minecraft:time_since_death":12000,"minecraft:total_world_time":12000,"minecraft:interact_with_crafting_table":6,"minecraft:fall_one_cm":2196,"minecraft:fly_one_cm":10953},"minecraft:crafted":{"minecraft:stone_sword":1,"minecraft:oak_planks":56,"minecraft:stone_axe":1,"minecraft:crafting_table":1,"minecraft:stick":8,"minecraft:air":0,"minecraft:iron_ingot":6,"minecraft:stone_pickaxe":1,"minecraft:wooden_pickaxe":1,"minecraft:wooden_axe":1},"minecraft:used":{"minecraft:stone_axe":9,"minecraft:wooden_axe":2,"minecraft:stone_pickaxe":86,"minecraft:wooden_pickaxe":3},"minecraft:dropped":{"minecraft:wooden_axe":1,"minecraft:iron_ingot":6,"minecraft:raw_iron":6},"minecraft:mined":{"minecraft:grass_block":1,"minecraft:oak_log":15,"minecraft:dirt":7,"minecraft:iron_ore":6,"minecraft:stone":83,"minecraft:oak_leaves":1}},"DataVersion":3465}