{"stats":{"minecraft:broken":{"minecraft:stone_pickaxe":1},"minecraft:picked_up":{"minecraft:wooden_axe":3,"minecraft:birch_log":2,"minecraft:feather":1,"minecraft:golden_carrot":2,"minecraft:andesite":2,"minecraft:wooden_pickaxe":2,"minecraft:oak_log":15,"minecraft:dirt":8,"minecraft:wooden_sword":2,"minecraft:apple":1,"minecraft:stone_pickaxe":4,"minecraft:player_head":7,"minecraft:iron_pickaxe":6,"minecraft:oak_planks":111,"minecraft:stick":9,"minecraft:raw_iron":11,"minecraft:stone_sword":1,"minecraft:stone_axe":1,"minecraft:oak_sapling":2,"minecraft:glow_berries":3,"minecraft:coal":93,"minecraft:cobblestone":630},"minecraft:killed":{"minecraft:parrot":1,"minecraft:zombie":1},"minecraft:custom":{"minecraft:interact_with_furnace":4,"minecraft:mob_kills":2,"minecraft:interact_with_crafting_table":7,"minecraft:time_since_death":14507,"minecraft:climb_one_cm":14806,"minecraft:time_since_rest":14575,"minecraft:sprint_one_cm":89444,"minecraft:damage_taken":942,"minecraft:walk_one_cm":91390,"minecraft:drop":28,"minecraft:damage_dealt":320,"minecraft:swim_one_cm":2223,"minecraft:fly_one_cm":56165,"minecraft:open_chest":2,"minecraft:crouch_one_cm":8939,"minecraft:play_time":54000,"minecraft:deaths":2,"minecraft:sneak_time":4329,"minecraft:walk_under_water_one_cm":2727,"minecraft:jump":897,"minecraft:walk_on_water_one_cm":2335,"minecraft:total_world_time":54000,"minecraft:fall_one_cm":26827},"minecraft:crafted":{"minecraft:oak_planks":56,"minecraft:crafting_table":1,"minecraft:wooden_pickaxe":1,"minecraft:birch_planks":8,"minecraft:stone_axe":1,"minecraft:air":0,"minecraft:stick":8,"minecraft:iron_ingot":6,"minecraft:stone_pickaxe":1,"minecraft:wooden_axe":1,"minecraft:stone_sword":1,"minecraft:chest":1},"minecraft:used":{"minecraft:stone_sword":2,"minecraft:stone_pickaxe":131,"minecraft:oak_planks":40,"minecraft:chest":1,"minecraft:wooden_pickaxe":3,"minecraft:glow_berries":3,"minecraft:dirt":8,"minecraft:crafting_table":1,"minecraft:wooden_axe":4,"minecraft:apple":1,"minecraft:stone_axe":9,"minecraft:cobblestone":139,"minecraft:andesite":2},"minecraft:mined":{"minecraft:player_wall_head":3,"minecraft:jungle_leaves":3,"minecraft:grass_block":1,"minecraft:cobblestone":23,"minecraft:oak_planks":2,"minecraft:iron_ore":6,"minecraft:andesite":2,"minecraft:oak_log":15,"minecraft:coal_ore":13,"minecraft:dirt":7,"minecraft:stone":88,"minecraft:player_head":4,"minecraft:oak_leaves":2},"minecraft:dropped":{"minecraft:iron_ingot":6,"minecraft:stone_axe":1,"minecraft:stone_sword":1,"minecraft:raw_iron":6,"minecraft:feather":1,"minecraft:cobblestone":332,"minecraft:oak_planks":64,"minecraft:golden_carrot":2,"minecraft:wooden_axe":1,"minecraft:iron_pickaxe":3},"minecraft:killed_by":{"minecraft:player":1}},"DataVersion":3465}