{"stats":{"minecraft:picked_up":{"minecraft:birch_log":1,"minecraft:cooked_beef":63,"minecraft:gold_block":1,"minecraft:oak_log":3,"minecraft:grass_block":2,"minecraft:string":1,"minecraft:spider_eye":1,"minecraft:dirt":10,"minecraft:flint_and_steel":1,"minecraft:armor_stand":1,"minecraft:arrow":5,"minecraft:bone":2,"minecraft:oak_sign":1,"minecraft:redstone_torch":3,"minecraft:player_head":64,"minecraft:oak_sapling":2,"minecraft:netherrack":1,"minecraft:piston":1,"minecraft:cobblestone":3,"minecraft:ender_pearl":1},"minecraft:killed":{"minecraft:skeleton":6,"minecraft:zombie":1,"minecraft:spider":2,"minecraft:endermite":1,"minecraft:enderman":1},"minecraft:custom":{"minecraft:time_since_rest":107007,"minecraft:sprint_one_cm":199721,"minecraft:damage_taken":236,"minecraft:walk_one_cm":122066,"minecraft:mob_kills":11,"minecraft:drop":4,"minecraft:damage_dealt":2392,"minecraft:fly_one_cm":1082486,"minecraft:player_kills":1,"minecraft:crouch_one_cm":30456,"minecraft:play_time":264948,"minecraft:deaths":4,"minecraft:sneak_time":11187,"minecraft:jump":1428,"minecraft:leave_game":15,"minecraft:walk_on_water_one_cm":117,"minecraft:time_since_death":106984,"minecraft:climb_one_cm":2220,"minecraft:total_world_time":264948,"minecraft:fall_one_cm":4529},"minecraft:crafted":{"minecraft:oak_planks":12},"minecraft:used":{"minecraft:redstone_torch":29,"minecraft:glass":6,"minecraft:netherite_sword":32,"minecraft:piston":12,"minecraft:water_bucket":2,"minecraft:lava_bucket":2,"minecraft:flint_and_steel":8,"minecraft:grass_block":105,"minecraft:armor_stand":7,"minecraft:barrier":250,"minecraft:oak_sign":1,"minecraft:ender_pearl":7,"minecraft:dark_oak_leaves":52,"minecraft:stone":277,"minecraft:player_head":6,"minecraft:netherrack":6,"minecraft:glowstone":16,"minecraft:dirt":9,"minecraft:cobblestone":2,"minecraft:magma_block":18,"minecraft:bow":2,"minecraft:gold_block":16,"minecraft:coarse_dirt":4,"minecraft:oak_hanging_sign":3,"minecraft:obsidian":14},"minecraft:mined":{"minecraft:oak_log":3,"minecraft:oak_leaves":1},"minecraft:dropped":{"minecraft:golden_carrot":2,"minecraft:cooked_beef":64,"minecraft:oak_sapling":1},"minecraft:killed_by":{"minecraft:creeper":1}},"DataVersion":3465}