{"stats":{"minecraft:dropped":{"minecraft:oak_sapling":1},"minecraft:picked_up":{"minecraft:flint_and_steel":1,"minecraft:armor_stand":1,"minecraft:oak_sign":1,"minecraft:gold_block":1,"minecraft:redstone_torch":3,"minecraft:player_head":64,"minecraft:grass_block":2,"minecraft:oak_sapling":2,"minecraft:netherrack":1,"minecraft:piston":1,"minecraft:ender_pearl":1},"minecraft:used":{"minecraft:glass":6,"minecraft:redstone_torch":29,"minecraft:netherrack":6,"minecraft:netherite_sword":5,"minecraft:piston":12,"minecraft:flint_and_steel":8,"minecraft:grass_block":9,"minecraft:armor_stand":7,"minecraft:barrier":113,"minecraft:gold_block":16,"minecraft:oak_sign":1,"minecraft:ender_pearl":7,"minecraft:oak_hanging_sign":3,"minecraft:obsidian":14,"minecraft:player_head":6},"minecraft:custom":{"minecraft:time_since_rest":25508,"minecraft:crouch_one_cm":5476,"minecraft:play_time":75309,"minecraft:sprint_one_cm":52828,"minecraft:damage_taken":236,"minecraft:walk_one_cm":53189,"minecraft:deaths":2,"minecraft:sneak_time":2277,"minecraft:mob_kills":2,"minecraft:drop":1,"minecraft:jump":288,"minecraft:damage_dealt":508,"minecraft:leave_game":5,"minecraft:time_since_death":25481,"minecraft:total_world_time":75309,"minecraft:fall_one_cm":1578,"minecraft:fly_one_cm":430042},"minecraft:killed":{"minecraft:endermite":1,"minecraft:enderman":1},"minecraft:mined":{"minecraft:oak_leaves":1},"minecraft:killed_by":{"minecraft:creeper":1}},"DataVersion":3465}