{"stats":{"minecraft:used":{"minecraft:redstone_torch":29,"minecraft:water_bucket":2,"minecraft:glass":6,"minecraft:piston":12,"minecraft:netherite_sword":16,"minecraft:lava_bucket":2,"minecraft:flint_and_steel":8,"minecraft:armor_stand":7,"minecraft:grass_block":105,"minecraft:barrier":250,"minecraft:oak_sign":1,"minecraft:ender_pearl":7,"minecraft:dark_oak_leaves":52,"minecraft:player_head":6,"minecraft:netherrack":6,"minecraft:glowstone":16,"minecraft:magma_block":18,"minecraft:gold_block":16,"minecraft:coarse_dirt":4,"minecraft:oak_hanging_sign":3,"minecraft:obsidian":14},"minecraft:dropped":{"minecraft:cooked_beef":64,"minecraft:oak_sapling":1},"minecraft:killed_by":{"minecraft:creeper":1},"minecraft:picked_up":{"minecraft:birch_log":1,"minecraft:cooked_beef":63,"minecraft:gold_block":1,"minecraft:grass_block":2,"minecraft:dirt":9,"minecraft:flint_and_steel":1,"minecraft:armor_stand":1,"minecraft:arrow":1,"minecraft:oak_sign":1,"minecraft:redstone_torch":3,"minecraft:player_head":64,"minecraft:oak_sapling":2,"minecraft:netherrack":1,"minecraft:piston":1,"minecraft:ender_pearl":1},"minecraft:mined":{"minecraft:oak_leaves":1},"minecraft:killed":{"minecraft:skeleton":2,"minecraft:zombie":1,"minecraft:endermite":1,"minecraft:enderman":1},"minecraft:custom":{"minecraft:time_since_rest":104373,"minecraft:sprint_one_cm":101982,"minecraft:walk_one_cm":76877,"minecraft:damage_taken":236,"minecraft:mob_kills":5,"minecraft:drop":2,"minecraft:damage_dealt":1252,"minecraft:player_kills":1,"minecraft:fly_one_cm":696653,"minecraft:crouch_one_cm":9664,"minecraft:play_time":154174,"minecraft:deaths":2,"minecraft:sneak_time":3739,"minecraft:jump":752,"minecraft:leave_game":6,"minecraft:walk_on_water_one_cm":117,"minecraft:time_since_death":104346,"minecraft:climb_one_cm":632,"minecraft:total_world_time":154174,"minecraft:fall_one_cm":1578}},"DataVersion":3465}