{"stats":{"minecraft:used":{"minecraft:redstone_torch":29,"minecraft:glass":6,"minecraft:piston":12,"minecraft:netherite_sword":16,"minecraft:flint_and_steel":8,"minecraft:armor_stand":7,"minecraft:grass_block":47,"minecraft:barrier":113,"minecraft:oak_sign":1,"minecraft:ender_pearl":7,"minecraft:player_head":6,"minecraft:netherrack":6,"minecraft:gold_block":16,"minecraft:coarse_dirt":3,"minecraft:oak_hanging_sign":3,"minecraft:obsidian":14},"minecraft:dropped":{"minecraft:cooked_beef":64,"minecraft:oak_sapling":1},"minecraft:killed_by":{"minecraft:creeper":1},"minecraft:picked_up":{"minecraft:birch_log":1,"minecraft:cooked_beef":63,"minecraft:gold_block":1,"minecraft:grass_block":2,"minecraft:dirt":9,"minecraft:flint_and_steel":1,"minecraft:armor_stand":1,"minecraft:arrow":1,"minecraft:oak_sign":1,"minecraft:redstone_torch":3,"minecraft:player_head":64,"minecraft:oak_sapling":2,"minecraft:netherrack":1,"minecraft:piston":1,"minecraft:ender_pearl":1},"minecraft:mined":{"minecraft:oak_leaves":1},"minecraft:killed":{"minecraft:skeleton":2,"minecraft:zombie":1,"minecraft:endermite":1,"minecraft:enderman":1},"minecraft:custom":{"minecraft:time_since_rest":91508,"minecraft:sprint_one_cm":90921,"minecraft:walk_one_cm":65330,"minecraft:damage_taken":236,"minecraft:mob_kills":5,"minecraft:drop":2,"minecraft:damage_dealt":1242,"minecraft:player_kills":1,"minecraft:fly_one_cm":599158,"minecraft:crouch_one_cm":5961,"minecraft:play_time":141309,"minecraft:deaths":2,"minecraft:sneak_time":2600,"minecraft:jump":652,"minecraft:leave_game":5,"minecraft:time_since_death":91481,"minecraft:total_world_time":141309,"minecraft:fall_one_cm":1578}},"DataVersion":3465}