{"stats":{"minecraft:broken":{"minecraft:stone_pickaxe":1,"minecraft:iron_pickaxe":1},"minecraft:picked_up":{"minecraft:birch_log":5,"minecraft:crafting_table":13,"minecraft:feather":6,"minecraft:chicken":6,"minecraft:andesite":7,"minecraft:tuff":89,"minecraft:oak_log":40,"minecraft:dirt":13,"minecraft:cobbled_deepslate":397,"minecraft:iron_ingot":6,"minecraft:birch_sapling":1,"minecraft:chest":1,"minecraft:oak_planks":5,"minecraft:furnace":6,"minecraft:stick":5,"minecraft:raw_iron":29,"minecraft:cooked_porkchop":1,"minecraft:torch":15,"minecraft:porkchop":5,"minecraft:diorite":2,"minecraft:rotten_flesh":1,"minecraft:diamond":43,"minecraft:granite":15,"minecraft:white_wool":1,"minecraft:mutton":2,"minecraft:coal":28,"minecraft:cobblestone":315,"minecraft:diamond_pickaxe":1},"minecraft:killed":{"minecraft:pig":2,"minecraft:sheep":1,"minecraft:zombie":1,"minecraft:chicken":5},"minecraft:custom":{"minecraft:interact_with_furnace":26,"minecraft:mob_kills":9,"minecraft:interact_with_crafting_table":25,"minecraft:leave_game":1,"minecraft:time_since_death":77421,"minecraft:climb_one_cm":18959,"minecraft:time_since_rest":77421,"minecraft:sprint_one_cm":44993,"minecraft:damage_taken":608,"minecraft:walk_one_cm":165329,"minecraft:damage_blocked_by_shield":30,"minecraft:drop":3,"minecraft:damage_dealt":630,"minecraft:swim_one_cm":1987,"minecraft:fly_one_cm":42840,"minecraft:open_chest":1,"minecraft:crouch_one_cm":10532,"minecraft:play_time":77421,"minecraft:sneak_time":4523,"minecraft:walk_under_water_one_cm":1910,"minecraft:jump":850,"minecraft:walk_on_water_one_cm":383,"minecraft:total_world_time":77421,"minecraft:fall_one_cm":14486,"minecraft:horse_one_cm":978},"minecraft:crafted":{"minecraft:oak_door":3,"minecraft:oak_planks":160,"minecraft:cooked_porkchop":5,"minecraft:diamond_axe":1,"minecraft:crafting_table":2,"minecraft:wooden_pickaxe":1,"minecraft:cooked_chicken":5,"minecraft:furnace":1,"minecraft:bucket":1,"minecraft:birch_planks":20,"minecraft:cooked_mutton":2,"minecraft:air":0,"minecraft:diamond_helmet":1,"minecraft:diamond_leggings":1,"minecraft:diamond_pickaxe":1,"minecraft:shield":1,"minecraft:ladder":90,"minecraft:stick":228,"minecraft:iron_ingot":10,"minecraft:iron_pickaxe":1,"minecraft:stone_pickaxe":1,"minecraft:chest":1,"minecraft:diamond_boots":1,"minecraft:torch":8,"minecraft:diamond_chestplate":1},"minecraft:used":{"minecraft:cooked_mutton":2,"minecraft:stone_pickaxe":131,"minecraft:ladder":37,"minecraft:oak_planks":19,"minecraft:chest":1,"minecraft:shield":1,"minecraft:wooden_pickaxe":12,"minecraft:diamond_axe":54,"minecraft:cooked_chicken":5,"minecraft:rotten_flesh":1,"minecraft:oak_door":1,"minecraft:torch":17,"minecraft:dirt":13,"minecraft:crafting_table":13,"minecraft:diamond_helmet":1,"minecraft:tuff":10,"minecraft:diamond_pickaxe":526,"minecraft:lava_bucket":1,"minecraft:iron_pickaxe":250,"minecraft:diamond_chestplate":1,"minecraft:cobblestone":223,"minecraft:furnace":6,"minecraft:cooked_porkchop":1,"minecraft:bucket":2,"minecraft:cobbled_deepslate":179,"minecraft:diamond_leggings":1},"minecraft:dropped":{"minecraft:cobbled_deepslate":1,"minecraft:cooked_porkchop":1,"minecraft:diamond_pickaxe":1},"minecraft:mined":{"minecraft:tuff":89,"minecraft:deepslate_diamond_ore":41,"minecraft:dandelion":1,"minecraft:crafting_table":13,"minecraft:granite":15,"minecraft:grass_block":2,"minecraft:chest":1,"minecraft:tall_grass":5,"minecraft:cobblestone":43,"minecraft:diorite":2,"minecraft:wall_torch":14,"minecraft:furnace":6,"minecraft:birch_log":5,"minecraft:iron_ore":19,"minecraft:andesite":7,"minecraft:grass":6,"minecraft:coal_ore":11,"minecraft:oak_log":40,"minecraft:dirt":11,"minecraft:stone":275,"minecraft:oak_leaves":5,"minecraft:deepslate":397}},"DataVersion":3465}