{"stats":{"minecraft:broken":{"minecraft:stone_pickaxe":1,"minecraft:iron_pickaxe":1},"minecraft:picked_up":{"minecraft:birch_log":10,"minecraft:crafting_table":16,"minecraft:feather":10,"minecraft:chicken":12,"minecraft:jungle_log":2,"minecraft:andesite":7,"minecraft:wooden_pickaxe":1,"minecraft:tuff":89,"minecraft:oak_log":40,"minecraft:dirt":14,"minecraft:wheat_seeds":14,"minecraft:cobbled_deepslate":397,"minecraft:iron_ingot":6,"minecraft:light_gray_wool":1,"minecraft:oak_planks":5,"minecraft:chest":1,"minecraft:birch_sapling":1,"minecraft:furnace":8,"minecraft:stick":5,"minecraft:raw_iron":29,"minecraft:birch_boat":3,"minecraft:cooked_porkchop":1,"minecraft:torch":15,"minecraft:porkchop":8,"minecraft:diorite":2,"minecraft:arrow":2,"minecraft:rotten_flesh":1,"minecraft:diamond":43,"minecraft:granite":15,"minecraft:obsidian":4,"minecraft:oak_sapling":1,"minecraft:cobblestone":315,"minecraft:mutton":21,"minecraft:coal":28,"minecraft:white_wool":13,"minecraft:diamond_pickaxe":1},"minecraft:killed":{"minecraft:pig":4,"minecraft:skeleton":1,"minecraft:sheep":14,"minecraft:zombie":1,"minecraft:chicken":11},"minecraft:custom":{"minecraft:interact_with_furnace":50,"minecraft:mob_kills":31,"minecraft:interact_with_crafting_table":27,"minecraft:leave_game":1,"minecraft:time_since_death":101421,"minecraft:climb_one_cm":22096,"minecraft:time_since_rest":101421,"minecraft:sprint_one_cm":101333,"minecraft:damage_taken":864,"minecraft:walk_one_cm":212053,"minecraft:damage_blocked_by_shield":40,"minecraft:drop":16,"minecraft:damage_dealt":2479,"minecraft:swim_one_cm":1987,"minecraft:fly_one_cm":102389,"minecraft:open_chest":3,"minecraft:crouch_one_cm":11602,"minecraft:play_time":101421,"minecraft:sneak_time":4941,"minecraft:walk_under_water_one_cm":3877,"minecraft:boat_one_cm":143595,"minecraft:jump":1207,"minecraft:walk_on_water_one_cm":8808,"minecraft:total_world_time":101421,"minecraft:fall_one_cm":26926,"minecraft:horse_one_cm":978},"minecraft:crafted":{"minecraft:oak_door":3,"minecraft:oak_planks":160,"minecraft:cooked_porkchop":5,"minecraft:diamond_axe":1,"minecraft:crafting_table":2,"minecraft:birch_boat":1,"minecraft:wooden_pickaxe":1,"minecraft:cooked_chicken":7,"minecraft:furnace":4,"minecraft:bucket":1,"minecraft:birch_planks":20,"minecraft:cooked_mutton":17,"minecraft:air":0,"minecraft:diamond_helmet":1,"minecraft:charcoal":2,"minecraft:diamond_leggings":1,"minecraft:diamond_pickaxe":1,"minecraft:shield":1,"minecraft:ladder":90,"minecraft:stick":228,"minecraft:iron_ingot":10,"minecraft:iron_pickaxe":1,"minecraft:stone_pickaxe":1,"minecraft:chest":1,"minecraft:diamond_boots":1,"minecraft:torch":8,"minecraft:diamond_chestplate":1},"minecraft:used":{"minecraft:cooked_mutton":4,"minecraft:water_bucket":3,"minecraft:stone_pickaxe":131,"minecraft:ladder":37,"minecraft:oak_planks":19,"minecraft:birch_boat":3,"minecraft:shield":2,"minecraft:chest":1,"minecraft:wooden_pickaxe":12,"minecraft:diamond_axe":108,"minecraft:cooked_chicken":5,"minecraft:rotten_flesh":1,"minecraft:oak_door":1,"minecraft:torch":18,"minecraft:dirt":13,"minecraft:crafting_table":16,"minecraft:diamond_helmet":1,"minecraft:tuff":10,"minecraft:diamond_pickaxe":537,"minecraft:lava_bucket":2,"minecraft:chicken":4,"minecraft:iron_pickaxe":250,"minecraft:diamond_chestplate":1,"minecraft:cobblestone":228,"minecraft:porkchop":3,"minecraft:furnace":10,"minecraft:cooked_porkchop":2,"minecraft:bucket":6,"minecraft:cobbled_deepslate":243,"minecraft:diamond_leggings":1},"minecraft:mined":{"minecraft:tuff":89,"minecraft:deepslate_diamond_ore":41,"minecraft:dandelion":1,"minecraft:obsidian":4,"minecraft:crafting_table":16,"minecraft:granite":15,"minecraft:grass_block":3,"minecraft:chest":1,"minecraft:jungle_log":2,"minecraft:cobblestone":43,"minecraft:tall_grass":5,"minecraft:sugar_cane":2,"minecraft:diorite":2,"minecraft:wall_torch":14,"minecraft:furnace":8,"minecraft:birch_log":8,"minecraft:iron_ore":19,"minecraft:andesite":7,"minecraft:gold_block":1,"minecraft:grass":106,"minecraft:oak_log":40,"minecraft:coal_ore":11,"minecraft:vine":1,"minecraft:dirt":11,"minecraft:stone":275,"minecraft:netherrack":4,"minecraft:fern":45,"minecraft:oak_leaves":13,"minecraft:deepslate":397},"minecraft:dropped":{"minecraft:iron_ingot":6,"minecraft:cobbled_deepslate":1,"minecraft:diamond":7,"minecraft:cooked_porkchop":4,"minecraft:birch_sapling":1,"minecraft:raw_iron":6,"minecraft:dirt":1,"minecraft:diamond_pickaxe":1,"minecraft:wooden_pickaxe":1}},"DataVersion":3465}