{"stats":{"minecraft:broken":{"minecraft:stone_pickaxe":1,"minecraft:iron_pickaxe":1},"minecraft:picked_up":{"minecraft:crafting_table":9,"minecraft:raw_iron":29,"minecraft:andesite":1,"minecraft:torch":1,"minecraft:tuff":89,"minecraft:oak_log":17,"minecraft:diorite":2,"minecraft:dirt":2,"minecraft:diamond":41,"minecraft:cobbled_deepslate":397,"minecraft:iron_ingot":3,"minecraft:granite":15,"minecraft:diamond_pickaxe":1,"minecraft:coal":14,"minecraft:cobblestone":204,"minecraft:furnace":2},"minecraft:custom":{"minecraft:time_since_rest":42000,"minecraft:interact_with_furnace":8,"minecraft:sprint_one_cm":6978,"minecraft:damage_taken":180,"minecraft:walk_one_cm":100736,"minecraft:drop":2,"minecraft:interact_with_crafting_table":20,"minecraft:fly_one_cm":3701,"minecraft:crouch_one_cm":658,"minecraft:play_time":42000,"minecraft:sneak_time":594,"minecraft:jump":262,"minecraft:time_since_death":42000,"minecraft:total_world_time":42000,"minecraft:fall_one_cm":478},"minecraft:crafted":{"minecraft:oak_door":3,"minecraft:oak_planks":68,"minecraft:diamond_helmet":1,"minecraft:diamond_leggings":1,"minecraft:diamond_pickaxe":1,"minecraft:shield":1,"minecraft:diamond_axe":1,"minecraft:crafting_table":1,"minecraft:stick":12,"minecraft:wooden_pickaxe":1,"minecraft:iron_ingot":10,"minecraft:iron_pickaxe":1,"minecraft:stone_pickaxe":1,"minecraft:diamond_boots":1,"minecraft:furnace":1,"minecraft:torch":8,"minecraft:air":0,"minecraft:diamond_chestplate":1},"minecraft:used":{"minecraft:diamond_pickaxe":390,"minecraft:stone_pickaxe":131,"minecraft:oak_planks":6,"minecraft:iron_pickaxe":250,"minecraft:wooden_pickaxe":12,"minecraft:diamond_axe":3,"minecraft:torch":2,"minecraft:diamond_chestplate":1,"minecraft:crafting_table":9,"minecraft:furnace":2,"minecraft:diamond_helmet":1,"minecraft:tuff":5,"minecraft:cobbled_deepslate":103,"minecraft:diamond_leggings":1},"minecraft:dropped":{"minecraft:cobbled_deepslate":1,"minecraft:diamond_pickaxe":1},"minecraft:mined":{"minecraft:tuff":89,"minecraft:furnace":2,"minecraft:deepslate_diamond_ore":41,"minecraft:iron_ore":19,"minecraft:andesite":1,"minecraft:crafting_table":9,"minecraft:granite":15,"minecraft:oak_log":17,"minecraft:coal_ore":8,"minecraft:dirt":2,"minecraft:stone":204,"minecraft:diorite":2,"minecraft:oak_leaves":1,"minecraft:deepslate":397}},"DataVersion":3465}