{"stats":{"minecraft:broken":{"minecraft:stone_pickaxe":1},"minecraft:picked_up":{"minecraft:crafting_table":3,"minecraft:raw_iron":23,"minecraft:oak_log":17,"minecraft:diorite":2,"minecraft:dirt":2,"minecraft:cobbled_deepslate":51,"minecraft:iron_ingot":1,"minecraft:granite":7,"minecraft:coal":9,"minecraft:cobblestone":182,"minecraft:furnace":1},"minecraft:custom":{"minecraft:time_since_rest":12000,"minecraft:interact_with_furnace":4,"minecraft:sprint_one_cm":6304,"minecraft:damage_taken":180,"minecraft:walk_one_cm":35295,"minecraft:interact_with_crafting_table":6,"minecraft:fly_one_cm":3701,"minecraft:crouch_one_cm":240,"minecraft:play_time":12000,"minecraft:sneak_time":248,"minecraft:jump":44,"minecraft:time_since_death":12000,"minecraft:total_world_time":12000,"minecraft:fall_one_cm":478},"minecraft:crafted":{"minecraft:oak_planks":68,"minecraft:crafting_table":1,"minecraft:stick":8,"minecraft:wooden_pickaxe":1,"minecraft:iron_ingot":3,"minecraft:iron_pickaxe":1,"minecraft:stone_pickaxe":1,"minecraft:furnace":1,"minecraft:air":0},"minecraft:used":{"minecraft:stone_pickaxe":131,"minecraft:oak_planks":3,"minecraft:iron_pickaxe":132,"minecraft:wooden_pickaxe":12,"minecraft:crafting_table":3,"minecraft:furnace":1,"minecraft:cobbled_deepslate":10},"minecraft:mined":{"minecraft:furnace":1,"minecraft:iron_ore":19,"minecraft:crafting_table":3,"minecraft:granite":7,"minecraft:oak_log":17,"minecraft:coal_ore":8,"minecraft:dirt":2,"minecraft:stone":182,"minecraft:diorite":2,"minecraft:oak_leaves":1,"minecraft:deepslate":52}},"DataVersion":3465}