{"stats":{"minecraft:broken":{"minecraft:stone_pickaxe":1,"minecraft:iron_pickaxe":1},"minecraft:picked_up":{"minecraft:crafting_table":18,"minecraft:chicken":12,"minecraft:ladder":51,"minecraft:wooden_pickaxe":1,"minecraft:red_bed":2,"minecraft:acacia_door":1,"minecraft:cobbled_deepslate":403,"minecraft:poppy":1,"minecraft:light_gray_wool":1,"minecraft:sugar_cane":6,"minecraft:chest":1,"minecraft:birch_sapling":1,"minecraft:furnace":10,"minecraft:raw_iron":29,"minecraft:stick":5,"minecraft:torch":15,"minecraft:porkchop":8,"minecraft:diorite":2,"minecraft:cauldron":2,"minecraft:rotten_flesh":25,"minecraft:arrow":4,"minecraft:hay_block":1,"minecraft:yellow_terracotta":2,"minecraft:obsidian":4,"minecraft:mutton":21,"minecraft:white_wool":13,"minecraft:cobblestone":315,"minecraft:birch_log":10,"minecraft:feather":10,"minecraft:jungle_log":2,"minecraft:andesite":7,"minecraft:tuff":89,"minecraft:oak_log":40,"minecraft:dirt":152,"minecraft:wheat_seeds":21,"minecraft:iron_ingot":10,"minecraft:oak_planks":5,"minecraft:cooked_porkchop":1,"minecraft:birch_boat":4,"minecraft:diamond":43,"minecraft:granite":15,"minecraft:diamond_axe":1,"minecraft:oak_sapling":1,"minecraft:coal":28,"minecraft:diamond_pickaxe":1},"minecraft:killed":{"minecraft:skeleton":3,"minecraft:chicken":11,"minecraft:pig":4,"minecraft:iron_golem":1,"minecraft:sheep":14,"minecraft:zombie":1},"minecraft:custom":{"minecraft:mob_kills":34,"minecraft:interact_with_crafting_table":34,"minecraft:leave_game":2,"minecraft:time_since_death":128034,"minecraft:climb_one_cm":24765,"minecraft:sprint_one_cm":133002,"minecraft:walk_one_cm":274822,"minecraft:damage_blocked_by_shield":200,"minecraft:drop":17,"minecraft:talked_to_villager":1,"minecraft:play_time":128034,"minecraft:sneak_time":5349,"minecraft:walk_under_water_one_cm":6741,"minecraft:boat_one_cm":238815,"minecraft:jump":1599,"minecraft:interact_with_brewingstand":2,"minecraft:walk_on_water_one_cm":9843,"minecraft:total_world_time":128034,"minecraft:interact_with_furnace":52,"minecraft:time_since_rest":128034,"minecraft:damage_taken":1222,"minecraft:damage_dealt":3999,"minecraft:swim_one_cm":1987,"minecraft:fly_one_cm":136387,"minecraft:open_chest":6,"minecraft:crouch_one_cm":12994,"minecraft:fall_one_cm":36140,"minecraft:horse_one_cm":978},"minecraft:crafted":{"minecraft:oak_door":3,"minecraft:oak_planks":160,"minecraft:birch_boat":1,"minecraft:cooked_chicken":7,"minecraft:furnace":4,"minecraft:diamond_shovel":1,"minecraft:cooked_mutton":21,"minecraft:diamond_helmet":1,"minecraft:diamond_leggings":1,"minecraft:ladder":90,"minecraft:stone_pickaxe":1,"minecraft:chest":1,"minecraft:diamond_boots":1,"minecraft:cooked_porkchop":5,"minecraft:diamond_axe":1,"minecraft:crafting_table":3,"minecraft:wooden_pickaxe":1,"minecraft:bucket":1,"minecraft:birch_planks":40,"minecraft:air":0,"minecraft:charcoal":2,"minecraft:diamond_pickaxe":1,"minecraft:shield":1,"minecraft:stick":228,"minecraft:iron_ingot":10,"minecraft:iron_pickaxe":1,"minecraft:torch":8,"minecraft:diamond_chestplate":1},"minecraft:used":{"minecraft:ladder":37,"minecraft:chest":1,"minecraft:shield":6,"minecraft:cooked_chicken":7,"minecraft:rotten_flesh":1,"minecraft:oak_door":2,"minecraft:torch":18,"minecraft:dirt":67,"minecraft:diamond_helmet":1,"minecraft:tuff":89,"minecraft:granite":15,"minecraft:lava_bucket":3,"minecraft:diamond_chestplate":1,"minecraft:furnace":10,"minecraft:cobbled_deepslate":378,"minecraft:cooked_mutton":7,"minecraft:water_bucket":16,"minecraft:birch_planks":11,"minecraft:stone_pickaxe":131,"minecraft:oak_planks":19,"minecraft:wooden_pickaxe":12,"minecraft:birch_boat":4,"minecraft:diamond_axe":158,"minecraft:crafting_table":20,"minecraft:red_bed":2,"minecraft:diamond_pickaxe":553,"minecraft:diamond_shovel":99,"minecraft:chicken":4,"minecraft:iron_pickaxe":250,"minecraft:cobblestone":287,"minecraft:porkchop":3,"minecraft:cooked_porkchop":2,"minecraft:andesite":7,"minecraft:bucket":20,"minecraft:diamond_leggings":1},"minecraft:dropped":{"minecraft:iron_ingot":6,"minecraft:diamond_axe":1,"minecraft:diamond":7,"minecraft:cooked_porkchop":4,"minecraft:dirt":1,"minecraft:cobbled_deepslate":1,"minecraft:birch_sapling":1,"minecraft:raw_iron":6,"minecraft:diamond_pickaxe":1,"minecraft:wooden_pickaxe":1},"minecraft:mined":{"minecraft:yellow_terracotta":2,"minecraft:tuff":89,"minecraft:deepslate_diamond_ore":41,"minecraft:jungle_leaves":1,"minecraft:obsidian":4,"minecraft:granite":15,"minecraft:grass_block":35,"minecraft:jungle_log":2,"minecraft:hay_block":1,"minecraft:tall_seagrass":2,"minecraft:furnace":10,"minecraft:iron_ore":19,"minecraft:cobbled_deepslate":6,"minecraft:andesite":7,"minecraft:gold_block":1,"minecraft:dirt_path":20,"minecraft:water_cauldron":2,"minecraft:vine":3,"minecraft:stone":275,"minecraft:red_bed":2,"minecraft:melon_stem":2,"minecraft:dandelion":1,"minecraft:crafting_table":18,"minecraft:chest":1,"minecraft:cobblestone":43,"minecraft:tall_grass":8,"minecraft:sugar_cane":3,"minecraft:diorite":2,"minecraft:wall_torch":14,"minecraft:birch_log":8,"minecraft:wheat":1,"minecraft:grass":163,"minecraft:oak_log":40,"minecraft:coal_ore":11,"minecraft:dirt":56,"minecraft:acacia_door":1,"minecraft:netherrack":4,"minecraft:fern":45,"minecraft:oak_leaves":13,"minecraft:deepslate":397}},"DataVersion":3465}