{"stats":{"minecraft:broken":{"minecraft:stone_pickaxe":1,"minecraft:iron_pickaxe":1},"minecraft:picked_up":{"minecraft:crafting_table":11,"minecraft:feather":6,"minecraft:chicken":6,"minecraft:andesite":7,"minecraft:tuff":89,"minecraft:oak_log":17,"minecraft:dirt":13,"minecraft:cobbled_deepslate":397,"minecraft:iron_ingot":6,"minecraft:chest":1,"minecraft:oak_planks":5,"minecraft:furnace":5,"minecraft:raw_iron":29,"minecraft:torch":15,"minecraft:porkchop":3,"minecraft:diorite":2,"minecraft:rotten_flesh":1,"minecraft:diamond":43,"minecraft:granite":15,"minecraft:white_wool":1,"minecraft:mutton":2,"minecraft:coal":28,"minecraft:cobblestone":313,"minecraft:diamond_pickaxe":1},"minecraft:killed":{"minecraft:pig":1,"minecraft:sheep":1,"minecraft:zombie":1,"minecraft:chicken":5},"minecraft:custom":{"minecraft:interact_with_furnace":20,"minecraft:mob_kills":8,"minecraft:interact_with_crafting_table":24,"minecraft:time_since_death":66000,"minecraft:time_since_rest":66000,"minecraft:sprint_one_cm":28982,"minecraft:damage_taken":378,"minecraft:walk_one_cm":140869,"minecraft:damage_blocked_by_shield":30,"minecraft:drop":2,"minecraft:damage_dealt":530,"minecraft:swim_one_cm":1987,"minecraft:fly_one_cm":31450,"minecraft:open_chest":1,"minecraft:crouch_one_cm":9477,"minecraft:play_time":66000,"minecraft:sneak_time":4278,"minecraft:walk_under_water_one_cm":1910,"minecraft:jump":733,"minecraft:walk_on_water_one_cm":383,"minecraft:total_world_time":66000,"minecraft:fall_one_cm":10688,"minecraft:horse_one_cm":978},"minecraft:crafted":{"minecraft:oak_door":3,"minecraft:oak_planks":68,"minecraft:diamond_axe":1,"minecraft:crafting_table":1,"minecraft:wooden_pickaxe":1,"minecraft:cooked_chicken":3,"minecraft:furnace":1,"minecraft:bucket":1,"minecraft:cooked_mutton":2,"minecraft:air":0,"minecraft:diamond_helmet":1,"minecraft:diamond_leggings":1,"minecraft:diamond_pickaxe":1,"minecraft:shield":1,"minecraft:ladder":12,"minecraft:stick":44,"minecraft:iron_ingot":10,"minecraft:iron_pickaxe":1,"minecraft:stone_pickaxe":1,"minecraft:chest":1,"minecraft:diamond_boots":1,"minecraft:torch":8,"minecraft:diamond_chestplate":1},"minecraft:used":{"minecraft:cooked_mutton":2,"minecraft:stone_pickaxe":131,"minecraft:oak_planks":19,"minecraft:chest":1,"minecraft:shield":1,"minecraft:wooden_pickaxe":12,"minecraft:diamond_axe":19,"minecraft:cooked_chicken":3,"minecraft:rotten_flesh":1,"minecraft:oak_door":1,"minecraft:torch":17,"minecraft:dirt":13,"minecraft:crafting_table":12,"minecraft:diamond_helmet":1,"minecraft:tuff":10,"minecraft:diamond_pickaxe":523,"minecraft:iron_pickaxe":250,"minecraft:diamond_chestplate":1,"minecraft:cobblestone":178,"minecraft:furnace":5,"minecraft:bucket":1,"minecraft:cobbled_deepslate":179,"minecraft:diamond_leggings":1},"minecraft:dropped":{"minecraft:cobbled_deepslate":1,"minecraft:diamond_pickaxe":1},"minecraft:mined":{"minecraft:tuff":89,"minecraft:deepslate_diamond_ore":41,"minecraft:dandelion":1,"minecraft:crafting_table":11,"minecraft:granite":15,"minecraft:grass_block":2,"minecraft:chest":1,"minecraft:tall_grass":5,"minecraft:cobblestone":41,"minecraft:diorite":2,"minecraft:wall_torch":14,"minecraft:furnace":5,"minecraft:iron_ore":19,"minecraft:andesite":7,"minecraft:grass":6,"minecraft:coal_ore":11,"minecraft:oak_log":17,"minecraft:dirt":11,"minecraft:stone":275,"minecraft:oak_leaves":1,"minecraft:deepslate":397}},"DataVersion":3465}