{"stats":{"minecraft:broken":{"minecraft:stone_pickaxe":1,"minecraft:iron_pickaxe":1},"minecraft:picked_up":{"minecraft:crafting_table":9,"minecraft:feather":4,"minecraft:chicken":4,"minecraft:andesite":7,"minecraft:tuff":89,"minecraft:oak_log":17,"minecraft:dirt":13,"minecraft:cobbled_deepslate":397,"minecraft:iron_ingot":3,"minecraft:furnace":4,"minecraft:raw_iron":29,"minecraft:torch":15,"minecraft:diorite":2,"minecraft:diamond":41,"minecraft:granite":15,"minecraft:coal":25,"minecraft:cobblestone":264,"minecraft:diamond_pickaxe":1},"minecraft:killed":{"minecraft:chicken":3},"minecraft:custom":{"minecraft:interact_with_furnace":17,"minecraft:mob_kills":3,"minecraft:interact_with_crafting_table":20,"minecraft:time_since_death":54000,"minecraft:time_since_rest":54000,"minecraft:sprint_one_cm":17759,"minecraft:damage_taken":270,"minecraft:walk_one_cm":122476,"minecraft:drop":2,"minecraft:damage_dealt":140,"minecraft:swim_one_cm":1987,"minecraft:fly_one_cm":16598,"minecraft:crouch_one_cm":661,"minecraft:play_time":54000,"minecraft:sneak_time":691,"minecraft:walk_under_water_one_cm":1910,"minecraft:jump":569,"minecraft:walk_on_water_one_cm":383,"minecraft:total_world_time":54000,"minecraft:fall_one_cm":4661,"minecraft:horse_one_cm":978},"minecraft:crafted":{"minecraft:oak_door":3,"minecraft:oak_planks":68,"minecraft:diamond_axe":1,"minecraft:crafting_table":1,"minecraft:wooden_pickaxe":1,"minecraft:cooked_chicken":3,"minecraft:furnace":1,"minecraft:air":0,"minecraft:diamond_helmet":1,"minecraft:diamond_leggings":1,"minecraft:diamond_pickaxe":1,"minecraft:shield":1,"minecraft:stick":12,"minecraft:iron_ingot":10,"minecraft:iron_pickaxe":1,"minecraft:stone_pickaxe":1,"minecraft:diamond_boots":1,"minecraft:torch":8,"minecraft:diamond_chestplate":1},"minecraft:used":{"minecraft:stone_pickaxe":131,"minecraft:oak_planks":6,"minecraft:wooden_pickaxe":12,"minecraft:diamond_axe":7,"minecraft:cooked_chicken":3,"minecraft:oak_door":1,"minecraft:torch":16,"minecraft:dirt":13,"minecraft:crafting_table":9,"minecraft:diamond_helmet":1,"minecraft:tuff":10,"minecraft:diamond_pickaxe":470,"minecraft:iron_pickaxe":250,"minecraft:diamond_chestplate":1,"minecraft:cobblestone":19,"minecraft:furnace":4,"minecraft:cobbled_deepslate":179,"minecraft:diamond_leggings":1},"minecraft:dropped":{"minecraft:cobbled_deepslate":1,"minecraft:diamond_pickaxe":1},"minecraft:mined":{"minecraft:tuff":89,"minecraft:deepslate_diamond_ore":41,"minecraft:crafting_table":9,"minecraft:granite":15,"minecraft:grass_block":2,"minecraft:tall_grass":5,"minecraft:diorite":2,"minecraft:wall_torch":14,"minecraft:furnace":4,"minecraft:iron_ore":19,"minecraft:andesite":7,"minecraft:grass":5,"minecraft:coal_ore":11,"minecraft:oak_log":17,"minecraft:dirt":11,"minecraft:stone":264,"minecraft:oak_leaves":1,"minecraft:deepslate":397}},"DataVersion":3465}