{"stats":{"minecraft:broken":{"minecraft:stone_pickaxe":1,"minecraft:iron_pickaxe":1},"minecraft:picked_up":{"minecraft:crafting_table":5,"minecraft:raw_iron":29,"minecraft:torch":1,"minecraft:tuff":29,"minecraft:oak_log":17,"minecraft:diorite":2,"minecraft:dirt":2,"minecraft:diamond":19,"minecraft:cobbled_deepslate":212,"minecraft:iron_ingot":3,"minecraft:granite":7,"minecraft:coal":14,"minecraft:cobblestone":182,"minecraft:furnace":2},"minecraft:custom":{"minecraft:time_since_rest":24000,"minecraft:interact_with_furnace":8,"minecraft:sprint_one_cm":6972,"minecraft:damage_taken":180,"minecraft:walk_one_cm":67393,"minecraft:interact_with_crafting_table":11,"minecraft:fly_one_cm":3701,"minecraft:crouch_one_cm":380,"minecraft:play_time":24000,"minecraft:sneak_time":440,"minecraft:jump":79,"minecraft:time_since_death":24000,"minecraft:total_world_time":24000,"minecraft:fall_one_cm":478},"minecraft:crafted":{"minecraft:oak_planks":68,"minecraft:diamond_helmet":1,"minecraft:diamond_pickaxe":1,"minecraft:shield":1,"minecraft:crafting_table":1,"minecraft:stick":12,"minecraft:wooden_pickaxe":1,"minecraft:iron_ingot":10,"minecraft:iron_pickaxe":1,"minecraft:stone_pickaxe":1,"minecraft:furnace":1,"minecraft:torch":8,"minecraft:air":0,"minecraft:diamond_chestplate":1},"minecraft:used":{"minecraft:diamond_pickaxe":93,"minecraft:stone_pickaxe":131,"minecraft:oak_planks":6,"minecraft:iron_pickaxe":250,"minecraft:wooden_pickaxe":12,"minecraft:torch":2,"minecraft:diamond_chestplate":1,"minecraft:crafting_table":5,"minecraft:furnace":2,"minecraft:diamond_helmet":1,"minecraft:tuff":5,"minecraft:cobbled_deepslate":10},"minecraft:mined":{"minecraft:tuff":29,"minecraft:furnace":2,"minecraft:deepslate_diamond_ore":19,"minecraft:iron_ore":19,"minecraft:crafting_table":5,"minecraft:granite":7,"minecraft:oak_log":17,"minecraft:coal_ore":8,"minecraft:dirt":2,"minecraft:stone":182,"minecraft:diorite":2,"minecraft:oak_leaves":1,"minecraft:deepslate":213}},"DataVersion":3465}