{"stats":{"minecraft:broken":{"minecraft:wooden_axe":1},"minecraft:picked_up":{"minecraft:crafting_table":3,"minecraft:raw_iron":13,"minecraft:andesite":1,"minecraft:salmon":13,"minecraft:gravel":13,"minecraft:flint":2,"minecraft:oak_log":13,"minecraft:dirt":13,"minecraft:raw_copper":9,"minecraft:wheat_seeds":1,"minecraft:oak_boat":1,"minecraft:bone_meal":1,"minecraft:oak_sapling":2,"minecraft:coal":8,"minecraft:mutton":2,"minecraft:white_wool":1,"minecraft:cobblestone":83,"minecraft:furnace":2},"minecraft:killed":{"minecraft:sheep":1,"minecraft:salmon":16},"minecraft:custom":{"minecraft:time_since_rest":16019,"minecraft:interact_with_furnace":11,"minecraft:sprint_one_cm":42489,"minecraft:damage_taken":251,"minecraft:walk_one_cm":27813,"minecraft:mob_kills":17,"minecraft:damage_dealt":1221,"minecraft:swim_one_cm":22257,"minecraft:player_kills":3,"minecraft:interact_with_crafting_table":7,"minecraft:fly_one_cm":51591,"minecraft:crouch_one_cm":733,"minecraft:play_time":16019,"minecraft:sneak_time":293,"minecraft:walk_under_water_one_cm":10189,"minecraft:boat_one_cm":12150,"minecraft:jump":242,"minecraft:leave_game":1,"minecraft:walk_on_water_one_cm":5143,"minecraft:time_since_death":16019,"minecraft:climb_one_cm":1484,"minecraft:total_world_time":16019,"minecraft:fall_one_cm":7436},"minecraft:crafted":{"minecraft:oak_boat":1,"minecraft:oak_planks":44,"minecraft:wooden_shovel":1,"minecraft:crafting_table":1,"minecraft:iron_ingot":2,"minecraft:stick":12,"minecraft:wooden_pickaxe":1,"minecraft:stone_pickaxe":1,"minecraft:wooden_axe":2,"minecraft:furnace":1,"minecraft:cooked_salmon":4,"minecraft:torch":8,"minecraft:air":0,"minecraft:cooked_mutton":2},"minecraft:used":{"minecraft:cooked_mutton":2,"minecraft:wooden_axe":45,"minecraft:stone_pickaxe":96,"minecraft:wooden_pickaxe":16,"minecraft:cooked_salmon":2,"minecraft:wooden_shovel":25,"minecraft:torch":5,"minecraft:dirt":4,"minecraft:crafting_table":4,"minecraft:furnace":3,"minecraft:oak_boat":1},"minecraft:mined":{"minecraft:tall_seagrass":3,"minecraft:furnace":2,"minecraft:iron_ore":14,"minecraft:andesite":1,"minecraft:crafting_table":3,"minecraft:grass":1,"minecraft:coal_ore":8,"minecraft:grass_block":3,"minecraft:oak_log":12,"minecraft:gravel":15,"minecraft:dirt":10,"minecraft:copper_ore":2,"minecraft:stone":83,"minecraft:oak_leaves":5,"minecraft:fern":1}},"DataVersion":3465}