{"stats":{"minecraft:broken":{"minecraft:stone_pickaxe":3,"minecraft:iron_pickaxe":1,"minecraft:wooden_axe":1},"minecraft:picked_up":{"minecraft:cocoa_beans":3,"minecraft:crafting_table":15,"minecraft:iron_chestplate":1,"minecraft:chicken":1,"minecraft:andesite":2,"minecraft:glow_ink_sac":3,"minecraft:salmon":13,"minecraft:flint":3,"minecraft:tuff":1,"minecraft:oak_log":41,"minecraft:lapis_lazuli":11,"minecraft:string":2,"minecraft:dirt":18,"minecraft:raw_copper":30,"minecraft:iron_axe":1,"minecraft:iron_leggings":1,"minecraft:bone":6,"minecraft:wheat_seeds":3,"minecraft:cobbled_deepslate":39,"minecraft:raw_gold":23,"minecraft:iron_ingot":1,"minecraft:oak_boat":3,"minecraft:poppy":3,"minecraft:sugar_cane":6,"minecraft:iron_sword":1,"minecraft:oak_planks":1,"minecraft:iron_boots":1,"minecraft:furnace":8,"minecraft:raw_iron":71,"minecraft:cooked_porkchop":8,"minecraft:torch":43,"minecraft:dandelion":2,"minecraft:dripstone_block":5,"minecraft:gravel":24,"minecraft:porkchop":19,"minecraft:pointed_dripstone":16,"minecraft:diorite":16,"minecraft:white_bed":1,"minecraft:vine":2,"minecraft:jungle_leaves":9,"minecraft:arrow":7,"minecraft:rotten_flesh":5,"minecraft:diamond":85,"minecraft:iron_helmet":1,"minecraft:granite":8,"minecraft:bone_meal":1,"minecraft:gray_wool":1,"minecraft:bread":31,"minecraft:oak_sapling":4,"minecraft:oak_leaves":63,"minecraft:black_wool":1,"minecraft:mutton":8,"minecraft:coal":30,"minecraft:white_wool":4,"minecraft:cobblestone":505},"minecraft:killed":{"minecraft:pig":5,"minecraft:salmon":16,"minecraft:spider":2,"minecraft:creeper":1,"minecraft:sheep":3,"minecraft:skeleton":2,"minecraft:zombie":6,"minecraft:chicken":1},"minecraft:custom":{"minecraft:interact_with_furnace":35,"minecraft:mob_kills":38,"minecraft:interact_with_crafting_table":31,"minecraft:leave_game":10,"minecraft:time_since_death":53211,"minecraft:climb_one_cm":3711,"minecraft:time_since_rest":53262,"minecraft:sprint_one_cm":276412,"minecraft:damage_taken":1491,"minecraft:walk_one_cm":202736,"minecraft:damage_blocked_by_shield":250,"minecraft:drop":9,"minecraft:damage_dealt":4744,"minecraft:swim_one_cm":28993,"minecraft:fly_one_cm":275926,"minecraft:player_kills":4,"minecraft:open_chest":2,"minecraft:crouch_one_cm":8121,"minecraft:play_time":107877,"minecraft:deaths":2,"minecraft:sneak_time":2373,"minecraft:walk_under_water_one_cm":20167,"minecraft:boat_one_cm":212580,"minecraft:jump":1779,"minecraft:walk_on_water_one_cm":9100,"minecraft:total_world_time":107877,"minecraft:fall_one_cm":51228},"minecraft:crafted":{"minecraft:oak_planks":156,"minecraft:wooden_shovel":2,"minecraft:cooked_porkchop":5,"minecraft:crafting_table":1,"minecraft:wooden_pickaxe":2,"minecraft:furnace":2,"minecraft:cooked_salmon":4,"minecraft:bucket":1,"minecraft:cooked_mutton":2,"minecraft:air":0,"minecraft:oak_boat":1,"minecraft:shield":2,"minecraft:stick":32,"minecraft:iron_ingot":18,"minecraft:iron_pickaxe":3,"minecraft:stone_pickaxe":3,"minecraft:wooden_axe":3,"minecraft:stone_sword":1,"minecraft:chest":1,"minecraft:white_bed":1,"minecraft:torch":8,"minecraft:shears":1},"minecraft:used":{"minecraft:cooked_mutton":2,"minecraft:diorite":1,"minecraft:water_bucket":1,"minecraft:stone_sword":8,"minecraft:stone_pickaxe":395,"minecraft:oak_planks":45,"minecraft:shield":7,"minecraft:chest":1,"minecraft:wooden_pickaxe":54,"minecraft:iron_sword":40,"minecraft:wooden_shovel":50,"minecraft:cooked_salmon":4,"minecraft:torch":8,"minecraft:dirt":15,"minecraft:crafting_table":14,"minecraft:white_bed":2,"minecraft:shears":196,"minecraft:wooden_axe":75,"minecraft:iron_axe":15,"minecraft:bread":13,"minecraft:iron_pickaxe":376,"minecraft:gravel":12,"minecraft:cobblestone":47,"minecraft:cooked_porkchop":4,"minecraft:furnace":8,"minecraft:porkchop":3,"minecraft:bucket":2,"minecraft:oak_boat":3},"minecraft:mined":{"minecraft:diamond_ore":20,"minecraft:tuff":1,"minecraft:white_bed":1,"minecraft:deepslate_diamond_ore":31,"minecraft:jungle_leaves":27,"minecraft:crafting_table":15,"minecraft:granite":8,"minecraft:grass_block":4,"minecraft:copper_ore":9,"minecraft:cobblestone":3,"minecraft:lapis_ore":2,"minecraft:deepslate_gold_ore":12,"minecraft:diorite":16,"minecraft:wall_torch":7,"minecraft:tall_seagrass":3,"minecraft:furnace":8,"minecraft:iron_ore":71,"minecraft:andesite":2,"minecraft:grass":4,"minecraft:coal_ore":30,"minecraft:pointed_dripstone":9,"minecraft:oak_log":38,"minecraft:vine":3,"minecraft:cocoa":1,"minecraft:gravel":27,"minecraft:dripstone_block":15,"minecraft:dirt":24,"minecraft:stone":532,"minecraft:gold_ore":11,"minecraft:oak_leaves":172,"minecraft:deepslate":39,"minecraft:fern":1},"minecraft:dropped":{"minecraft:iron_ingot":3,"minecraft:wheat_seeds":1,"minecraft:raw_iron":4,"minecraft:cobblestone":64,"minecraft:rotten_flesh":2,"minecraft:oak_sapling":2,"minecraft:bone_meal":1,"minecraft:bone":4}},"DataVersion":3465}