{"stats":{"minecraft:broken":{"minecraft:stone_pickaxe":1,"minecraft:wooden_axe":1},"minecraft:picked_up":{"minecraft:crafting_table":5,"minecraft:raw_iron":19,"minecraft:chicken":1,"minecraft:andesite":2,"minecraft:salmon":13,"minecraft:torch":7,"minecraft:gravel":13,"minecraft:porkchop":8,"minecraft:flint":2,"minecraft:oak_log":13,"minecraft:diorite":7,"minecraft:dirt":13,"minecraft:raw_copper":9,"minecraft:wheat_seeds":1,"minecraft:oak_boat":1,"minecraft:bone_meal":1,"minecraft:oak_sapling":2,"minecraft:coal":10,"minecraft:mutton":2,"minecraft:white_wool":1,"minecraft:cobblestone":102,"minecraft:furnace":3},"minecraft:killed":{"minecraft:sheep":1,"minecraft:pig":3,"minecraft:chicken":1,"minecraft:salmon":16},"minecraft:custom":{"minecraft:time_since_rest":22084,"minecraft:interact_with_furnace":13,"minecraft:sprint_one_cm":55145,"minecraft:damage_taken":291,"minecraft:walk_one_cm":39199,"minecraft:mob_kills":21,"minecraft:damage_dealt":1561,"minecraft:swim_one_cm":22257,"minecraft:player_kills":3,"minecraft:interact_with_crafting_table":10,"minecraft:fly_one_cm":72147,"minecraft:crouch_one_cm":992,"minecraft:play_time":22084,"minecraft:sneak_time":328,"minecraft:walk_under_water_one_cm":10189,"minecraft:boat_one_cm":57915,"minecraft:jump":350,"minecraft:leave_game":2,"minecraft:walk_on_water_one_cm":5143,"minecraft:time_since_death":22084,"minecraft:climb_one_cm":1484,"minecraft:total_world_time":22084,"minecraft:fall_one_cm":9526},"minecraft:crafted":{"minecraft:oak_boat":1,"minecraft:oak_planks":44,"minecraft:wooden_shovel":1,"minecraft:shield":1,"minecraft:crafting_table":1,"minecraft:iron_pickaxe":1,"minecraft:iron_ingot":5,"minecraft:stick":16,"minecraft:wooden_pickaxe":1,"minecraft:stone_pickaxe":1,"minecraft:wooden_axe":2,"minecraft:furnace":1,"minecraft:cooked_salmon":4,"minecraft:torch":8,"minecraft:air":0,"minecraft:cooked_mutton":2},"minecraft:used":{"minecraft:cooked_mutton":2,"minecraft:wooden_axe":51,"minecraft:stone_pickaxe":133,"minecraft:wooden_pickaxe":17,"minecraft:cooked_salmon":3,"minecraft:wooden_shovel":25,"minecraft:torch":8,"minecraft:dirt":12,"minecraft:crafting_table":5,"minecraft:furnace":3,"minecraft:oak_boat":2},"minecraft:mined":{"minecraft:tall_seagrass":3,"minecraft:furnace":3,"minecraft:iron_ore":19,"minecraft:andesite":2,"minecraft:crafting_table":5,"minecraft:grass":1,"minecraft:coal_ore":10,"minecraft:grass_block":3,"minecraft:oak_log":12,"minecraft:gravel":15,"minecraft:dirt":10,"minecraft:copper_ore":2,"minecraft:stone":102,"minecraft:wall_torch":7,"minecraft:diorite":7,"minecraft:oak_leaves":5,"minecraft:fern":1}},"DataVersion":3465}