{"stats":{"minecraft:broken":{"minecraft:stone_pickaxe":1,"minecraft:iron_pickaxe":1,"minecraft:wooden_axe":1},"minecraft:picked_up":{"minecraft:crafting_table":8,"minecraft:chicken":1,"minecraft:andesite":2,"minecraft:salmon":13,"minecraft:flint":2,"minecraft:oak_log":29,"minecraft:lapis_lazuli":11,"minecraft:dirt":14,"minecraft:raw_copper":18,"minecraft:bone":3,"minecraft:wheat_seeds":1,"minecraft:cobbled_deepslate":3,"minecraft:raw_gold":11,"minecraft:iron_ingot":1,"minecraft:oak_boat":3,"minecraft:oak_planks":1,"minecraft:furnace":5,"minecraft:raw_iron":30,"minecraft:torch":7,"minecraft:dripstone_block":5,"minecraft:gravel":15,"minecraft:porkchop":11,"minecraft:diorite":7,"minecraft:arrow":4,"minecraft:rotten_flesh":2,"minecraft:diamond":13,"minecraft:granite":8,"minecraft:bone_meal":1,"minecraft:oak_sapling":4,"minecraft:mutton":2,"minecraft:coal":26,"minecraft:white_wool":1,"minecraft:cobblestone":279},"minecraft:killed":{"minecraft:pig":3,"minecraft:salmon":16,"minecraft:sheep":1,"minecraft:skeleton":2,"minecraft:zombie":1,"minecraft:chicken":1},"minecraft:custom":{"minecraft:interact_with_furnace":20,"minecraft:mob_kills":24,"minecraft:interact_with_crafting_table":15,"minecraft:leave_game":7,"minecraft:time_since_death":3801,"minecraft:climb_one_cm":2586,"minecraft:time_since_rest":3852,"minecraft:sprint_one_cm":105519,"minecraft:damage_taken":1131,"minecraft:walk_one_cm":95404,"minecraft:damage_blocked_by_shield":220,"minecraft:drop":5,"minecraft:damage_dealt":2146,"minecraft:swim_one_cm":26768,"minecraft:player_kills":3,"minecraft:fly_one_cm":99408,"minecraft:crouch_one_cm":6763,"minecraft:play_time":58467,"minecraft:deaths":2,"minecraft:sneak_time":1960,"minecraft:walk_under_water_one_cm":13640,"minecraft:boat_one_cm":212580,"minecraft:jump":599,"minecraft:walk_on_water_one_cm":7780,"minecraft:total_world_time":58467,"minecraft:fall_one_cm":21236},"minecraft:crafted":{"minecraft:oak_planks":108,"minecraft:wooden_shovel":2,"minecraft:cooked_porkchop":5,"minecraft:crafting_table":1,"minecraft:wooden_pickaxe":2,"minecraft:furnace":1,"minecraft:cooked_salmon":4,"minecraft:cooked_mutton":2,"minecraft:air":0,"minecraft:oak_boat":1,"minecraft:shield":1,"minecraft:stick":28,"minecraft:iron_ingot":6,"minecraft:iron_pickaxe":2,"minecraft:stone_pickaxe":1,"minecraft:wooden_axe":3,"minecraft:stone_sword":1,"minecraft:torch":8},"minecraft:used":{"minecraft:cooked_mutton":2,"minecraft:diorite":1,"minecraft:stone_sword":8,"minecraft:stone_pickaxe":133,"minecraft:oak_planks":8,"minecraft:shield":6,"minecraft:wooden_pickaxe":28,"minecraft:wooden_shovel":36,"minecraft:cooked_salmon":4,"minecraft:torch":8,"minecraft:dirt":13,"minecraft:crafting_table":7,"minecraft:wooden_axe":66,"minecraft:iron_pickaxe":276,"minecraft:gravel":12,"minecraft:cobblestone":13,"minecraft:furnace":5,"minecraft:cooked_porkchop":3,"minecraft:oak_boat":3},"minecraft:dropped":{"minecraft:cobblestone":64,"minecraft:rotten_flesh":2,"minecraft:oak_sapling":2,"minecraft:bone_meal":1,"minecraft:bone":3},"minecraft:mined":{"minecraft:diamond_ore":12,"minecraft:deepslate_diamond_ore":1,"minecraft:crafting_table":8,"minecraft:granite":8,"minecraft:grass_block":3,"minecraft:copper_ore":4,"minecraft:cobblestone":3,"minecraft:lapis_ore":2,"minecraft:diorite":7,"minecraft:wall_torch":7,"minecraft:tall_seagrass":3,"minecraft:furnace":5,"minecraft:iron_ore":30,"minecraft:andesite":2,"minecraft:grass":1,"minecraft:pointed_dripstone":1,"minecraft:oak_log":28,"minecraft:coal_ore":25,"minecraft:dripstone_block":15,"minecraft:gravel":17,"minecraft:dirt":21,"minecraft:stone":303,"minecraft:gold_ore":11,"minecraft:deepslate":3,"minecraft:oak_leaves":6,"minecraft:fern":1}},"DataVersion":3465}