{"stats":{"minecraft:broken":{"minecraft:stone_pickaxe":3,"minecraft:iron_pickaxe":1,"minecraft:wooden_axe":1},"minecraft:picked_up":{"minecraft:cocoa_beans":3,"minecraft:iron_chestplate":1,"minecraft:crafting_table":18,"minecraft:chicken":1,"minecraft:string":2,"minecraft:raw_copper":30,"minecraft:iron_axe":1,"minecraft:iron_leggings":1,"minecraft:cobbled_deepslate":40,"minecraft:oak_boat":4,"minecraft:poppy":3,"minecraft:sugar_cane":6,"minecraft:iron_boots":1,"minecraft:furnace":8,"minecraft:raw_iron":71,"minecraft:torch":43,"minecraft:porkchop":19,"minecraft:pointed_dripstone":16,"minecraft:diorite":16,"minecraft:vine":2,"minecraft:arrow":12,"minecraft:rotten_flesh":7,"minecraft:mutton":8,"minecraft:obsidian":4,"minecraft:white_wool":4,"minecraft:cobblestone":552,"minecraft:glow_ink_sac":4,"minecraft:salmon":13,"minecraft:andesite":2,"minecraft:flint":3,"minecraft:tuff":1,"minecraft:oak_log":41,"minecraft:lapis_lazuli":26,"minecraft:dirt":48,"minecraft:bone":11,"minecraft:wheat_seeds":3,"minecraft:raw_gold":23,"minecraft:iron_ingot":1,"minecraft:oak_planks":1,"minecraft:iron_sword":1,"minecraft:cooked_porkchop":8,"minecraft:dandelion":2,"minecraft:dripstone_block":6,"minecraft:gravel":24,"minecraft:white_bed":1,"minecraft:jungle_leaves":9,"minecraft:diamond":86,"minecraft:iron_helmet":1,"minecraft:granite":20,"minecraft:bone_meal":1,"minecraft:gray_wool":1,"minecraft:bread":31,"minecraft:oak_sapling":4,"minecraft:black_wool":1,"minecraft:coal":30,"minecraft:oak_leaves":63,"minecraft:ender_pearl":1},"minecraft:killed":{"minecraft:spider":2,"minecraft:skeleton":6,"minecraft:chicken":1,"minecraft:pig":5,"minecraft:zombie_villager":1,"minecraft:salmon":16,"minecraft:creeper":2,"minecraft:sheep":3,"minecraft:zombie":12,"minecraft:enderman":1},"minecraft:custom":{"minecraft:mob_kills":53,"minecraft:interact_with_crafting_table":35,"minecraft:leave_game":10,"minecraft:time_since_death":77211,"minecraft:climb_one_cm":7315,"minecraft:sprint_one_cm":371163,"minecraft:walk_one_cm":235894,"minecraft:damage_blocked_by_shield":590,"minecraft:drop":15,"minecraft:play_time":131877,"minecraft:deaths":2,"minecraft:sneak_time":2826,"minecraft:walk_under_water_one_cm":20167,"minecraft:boat_one_cm":212580,"minecraft:jump":2614,"minecraft:walk_on_water_one_cm":11967,"minecraft:total_world_time":131877,"minecraft:interact_with_furnace":35,"minecraft:time_since_rest":77262,"minecraft:damage_taken":1667,"minecraft:damage_dealt":8084,"minecraft:player_kills":4,"minecraft:swim_one_cm":28993,"minecraft:fly_one_cm":440681,"minecraft:open_chest":3,"minecraft:crouch_one_cm":9354,"minecraft:fall_one_cm":70401},"minecraft:crafted":{"minecraft:oak_planks":156,"minecraft:furnace":2,"minecraft:cooked_mutton":2,"minecraft:stone_pickaxe":3,"minecraft:chest":1,"minecraft:wooden_shovel":2,"minecraft:cooked_porkchop":5,"minecraft:crafting_table":1,"minecraft:wooden_pickaxe":2,"minecraft:cooked_salmon":4,"minecraft:bucket":1,"minecraft:air":0,"minecraft:oak_boat":2,"minecraft:diamond_pickaxe":1,"minecraft:shield":2,"minecraft:stick":36,"minecraft:iron_ingot":18,"minecraft:iron_pickaxe":3,"minecraft:wooden_axe":3,"minecraft:stone_sword":1,"minecraft:white_bed":1,"minecraft:torch":8,"minecraft:shears":1},"minecraft:used":{"minecraft:stone_sword":8,"minecraft:chest":1,"minecraft:shield":16,"minecraft:iron_sword":102,"minecraft:wooden_shovel":81,"minecraft:cooked_salmon":4,"minecraft:torch":8,"minecraft:dirt":40,"minecraft:granite":12,"minecraft:wooden_axe":76,"minecraft:iron_axe":17,"minecraft:furnace":8,"minecraft:cobbled_deepslate":37,"minecraft:cooked_mutton":2,"minecraft:water_bucket":7,"minecraft:diorite":1,"minecraft:stone_pickaxe":395,"minecraft:oak_planks":45,"minecraft:wooden_pickaxe":54,"minecraft:crafting_table":17,"minecraft:white_bed":2,"minecraft:shears":196,"minecraft:diamond_pickaxe":10,"minecraft:bread":21,"minecraft:iron_pickaxe":460,"minecraft:gravel":12,"minecraft:cobblestone":113,"minecraft:porkchop":3,"minecraft:cooked_porkchop":4,"minecraft:bucket":8,"minecraft:oak_boat":4},"minecraft:mined":{"minecraft:diamond_ore":21,"minecraft:tuff":1,"minecraft:white_bed":1,"minecraft:deepslate_diamond_ore":31,"minecraft:jungle_leaves":27,"minecraft:obsidian":5,"minecraft:granite":20,"minecraft:grass_block":31,"minecraft:tall_seagrass":3,"minecraft:furnace":8,"minecraft:iron_ore":71,"minecraft:andesite":11,"minecraft:deepslate_lapis_ore":4,"minecraft:pointed_dripstone":9,"minecraft:vine":3,"minecraft:stone":584,"minecraft:crafting_table":18,"minecraft:copper_ore":9,"minecraft:cobblestone":11,"minecraft:deepslate_gold_ore":12,"minecraft:lapis_ore":2,"minecraft:diorite":16,"minecraft:wall_torch":7,"minecraft:grass":5,"minecraft:oak_log":38,"minecraft:coal_ore":30,"minecraft:cocoa":1,"minecraft:gravel":28,"minecraft:dripstone_block":16,"minecraft:dirt":27,"minecraft:gold_ore":11,"minecraft:fern":1,"minecraft:oak_leaves":172,"minecraft:deepslate":40},"minecraft:dropped":{"minecraft:iron_ingot":3,"minecraft:wheat_seeds":1,"minecraft:dripstone_block":1,"minecraft:cobblestone":64,"minecraft:diorite":9,"minecraft:bone_meal":1,"minecraft:dandelion":2,"minecraft:bone":9,"minecraft:tuff":1,"minecraft:raw_iron":4,"minecraft:rotten_flesh":7,"minecraft:oak_sapling":2}},"DataVersion":3465}