{"stats":{"minecraft:broken":{"minecraft:stone_pickaxe":1,"minecraft:wooden_axe":1},"minecraft:picked_up":{"minecraft:crafting_table":6,"minecraft:chicken":1,"minecraft:andesite":2,"minecraft:salmon":13,"minecraft:flint":2,"minecraft:oak_log":13,"minecraft:dirt":13,"minecraft:raw_copper":9,"minecraft:bone":3,"minecraft:wheat_seeds":1,"minecraft:iron_ingot":1,"minecraft:oak_boat":2,"minecraft:furnace":3,"minecraft:raw_iron":19,"minecraft:torch":7,"minecraft:gravel":13,"minecraft:porkchop":8,"minecraft:diorite":7,"minecraft:arrow":4,"minecraft:rotten_flesh":2,"minecraft:bone_meal":1,"minecraft:oak_sapling":2,"minecraft:mutton":2,"minecraft:coal":19,"minecraft:white_wool":1,"minecraft:cobblestone":104},"minecraft:killed":{"minecraft:pig":3,"minecraft:salmon":16,"minecraft:sheep":1,"minecraft:skeleton":2,"minecraft:zombie":1,"minecraft:chicken":1},"minecraft:custom":{"minecraft:interact_with_furnace":13,"minecraft:mob_kills":24,"minecraft:interact_with_crafting_table":12,"minecraft:leave_game":7,"minecraft:time_since_death":40473,"minecraft:climb_one_cm":1484,"minecraft:time_since_rest":40473,"minecraft:sprint_one_cm":65607,"minecraft:damage_taken":401,"minecraft:walk_one_cm":55475,"minecraft:damage_blocked_by_shield":210,"minecraft:damage_dealt":2071,"minecraft:swim_one_cm":22257,"minecraft:player_kills":3,"minecraft:fly_one_cm":77055,"minecraft:crouch_one_cm":1156,"minecraft:play_time":40473,"minecraft:sneak_time":364,"minecraft:walk_under_water_one_cm":10189,"minecraft:boat_one_cm":211815,"minecraft:jump":390,"minecraft:walk_on_water_one_cm":7125,"minecraft:total_world_time":40473,"minecraft:fall_one_cm":11563},"minecraft:crafted":{"minecraft:oak_planks":44,"minecraft:wooden_shovel":1,"minecraft:crafting_table":1,"minecraft:wooden_pickaxe":1,"minecraft:furnace":1,"minecraft:cooked_salmon":4,"minecraft:cooked_mutton":2,"minecraft:air":0,"minecraft:oak_boat":1,"minecraft:shield":1,"minecraft:stick":16,"minecraft:iron_ingot":5,"minecraft:iron_pickaxe":1,"minecraft:stone_pickaxe":1,"minecraft:wooden_axe":2,"minecraft:stone_sword":1,"minecraft:torch":8},"minecraft:used":{"minecraft:cooked_mutton":2,"minecraft:stone_sword":7,"minecraft:stone_pickaxe":133,"minecraft:shield":5,"minecraft:wooden_pickaxe":26,"minecraft:wooden_shovel":25,"minecraft:cooked_salmon":4,"minecraft:torch":8,"minecraft:dirt":13,"minecraft:crafting_table":6,"minecraft:wooden_axe":56,"minecraft:iron_pickaxe":2,"minecraft:cobblestone":3,"minecraft:furnace":3,"minecraft:oak_boat":2},"minecraft:mined":{"minecraft:crafting_table":6,"minecraft:grass_block":3,"minecraft:copper_ore":2,"minecraft:diorite":7,"minecraft:wall_torch":7,"minecraft:tall_seagrass":3,"minecraft:furnace":3,"minecraft:iron_ore":19,"minecraft:andesite":2,"minecraft:grass":1,"minecraft:oak_log":12,"minecraft:coal_ore":19,"minecraft:gravel":15,"minecraft:dirt":10,"minecraft:stone":104,"minecraft:oak_leaves":5,"minecraft:fern":1}},"DataVersion":3465}