{"stats":{"minecraft:broken":{"minecraft:stone_pickaxe":1,"minecraft:iron_pickaxe":1,"minecraft:wooden_axe":1},"minecraft:picked_up":{"minecraft:iron_chestplate":1,"minecraft:crafting_table":10,"minecraft:chicken":1,"minecraft:andesite":2,"minecraft:salmon":13,"minecraft:flint":2,"minecraft:oak_log":33,"minecraft:lapis_lazuli":11,"minecraft:dirt":18,"minecraft:raw_copper":18,"minecraft:iron_axe":1,"minecraft:iron_leggings":1,"minecraft:bone":6,"minecraft:wheat_seeds":1,"minecraft:cobbled_deepslate":3,"minecraft:raw_gold":11,"minecraft:iron_ingot":1,"minecraft:oak_boat":3,"minecraft:iron_sword":1,"minecraft:oak_planks":1,"minecraft:iron_boots":1,"minecraft:furnace":5,"minecraft:raw_iron":36,"minecraft:torch":43,"minecraft:dripstone_block":5,"minecraft:gravel":15,"minecraft:porkchop":14,"minecraft:diorite":7,"minecraft:arrow":7,"minecraft:rotten_flesh":3,"minecraft:diamond":47,"minecraft:iron_helmet":1,"minecraft:granite":8,"minecraft:bone_meal":1,"minecraft:bread":31,"minecraft:oak_sapling":4,"minecraft:mutton":2,"minecraft:coal":26,"minecraft:white_wool":1,"minecraft:cobblestone":292},"minecraft:killed":{"minecraft:pig":4,"minecraft:salmon":16,"minecraft:sheep":1,"minecraft:skeleton":2,"minecraft:zombie":1,"minecraft:chicken":1},"minecraft:custom":{"minecraft:interact_with_furnace":20,"minecraft:mob_kills":25,"minecraft:interact_with_crafting_table":17,"minecraft:leave_game":8,"minecraft:time_since_death":15049,"minecraft:climb_one_cm":3711,"minecraft:time_since_rest":15100,"minecraft:sprint_one_cm":154504,"minecraft:damage_taken":1241,"minecraft:walk_one_cm":116232,"minecraft:damage_blocked_by_shield":220,"minecraft:drop":5,"minecraft:damage_dealt":2434,"minecraft:swim_one_cm":28368,"minecraft:player_kills":4,"minecraft:fly_one_cm":152975,"minecraft:crouch_one_cm":7323,"minecraft:play_time":69715,"minecraft:deaths":2,"minecraft:sneak_time":2124,"minecraft:walk_under_water_one_cm":18766,"minecraft:boat_one_cm":212580,"minecraft:jump":981,"minecraft:walk_on_water_one_cm":8825,"minecraft:total_world_time":69715,"minecraft:fall_one_cm":30057},"minecraft:crafted":{"minecraft:oak_planks":124,"minecraft:wooden_shovel":2,"minecraft:cooked_porkchop":5,"minecraft:crafting_table":1,"minecraft:wooden_pickaxe":2,"minecraft:furnace":1,"minecraft:cooked_salmon":4,"minecraft:cooked_mutton":2,"minecraft:air":0,"minecraft:oak_boat":1,"minecraft:shield":1,"minecraft:stick":28,"minecraft:iron_ingot":6,"minecraft:iron_pickaxe":2,"minecraft:stone_pickaxe":2,"minecraft:wooden_axe":3,"minecraft:stone_sword":1,"minecraft:torch":8},"minecraft:used":{"minecraft:cooked_mutton":2,"minecraft:diorite":1,"minecraft:stone_sword":8,"minecraft:stone_pickaxe":146,"minecraft:oak_planks":23,"minecraft:shield":6,"minecraft:wooden_pickaxe":34,"minecraft:iron_sword":1,"minecraft:wooden_shovel":40,"minecraft:cooked_salmon":4,"minecraft:torch":8,"minecraft:dirt":15,"minecraft:crafting_table":9,"minecraft:wooden_axe":73,"minecraft:iron_axe":1,"minecraft:bread":3,"minecraft:iron_pickaxe":276,"minecraft:gravel":12,"minecraft:cobblestone":16,"minecraft:porkchop":3,"minecraft:furnace":5,"minecraft:cooked_porkchop":3,"minecraft:oak_boat":3},"minecraft:dropped":{"minecraft:cobblestone":64,"minecraft:rotten_flesh":2,"minecraft:oak_sapling":2,"minecraft:bone_meal":1,"minecraft:bone":3},"minecraft:mined":{"minecraft:diamond_ore":12,"minecraft:deepslate_diamond_ore":1,"minecraft:crafting_table":10,"minecraft:granite":8,"minecraft:grass_block":4,"minecraft:copper_ore":4,"minecraft:cobblestone":3,"minecraft:lapis_ore":2,"minecraft:diorite":7,"minecraft:wall_torch":7,"minecraft:tall_seagrass":3,"minecraft:furnace":5,"minecraft:iron_ore":36,"minecraft:andesite":2,"minecraft:grass":1,"minecraft:pointed_dripstone":1,"minecraft:oak_log":28,"minecraft:coal_ore":25,"minecraft:dripstone_block":15,"minecraft:gravel":17,"minecraft:dirt":24,"minecraft:stone":316,"minecraft:gold_ore":11,"minecraft:deepslate":3,"minecraft:oak_leaves":6,"minecraft:fern":1}},"DataVersion":3465}