{"stats":{"minecraft:broken":{"minecraft:stone_pickaxe":2,"minecraft:iron_pickaxe":1,"minecraft:wooden_axe":1},"minecraft:picked_up":{"minecraft:cocoa_beans":3,"minecraft:crafting_table":13,"minecraft:iron_chestplate":1,"minecraft:chicken":1,"minecraft:salmon":13,"minecraft:andesite":2,"minecraft:flint":3,"minecraft:oak_log":41,"minecraft:lapis_lazuli":11,"minecraft:dirt":18,"minecraft:raw_copper":18,"minecraft:iron_axe":1,"minecraft:iron_leggings":1,"minecraft:bone":6,"minecraft:wheat_seeds":3,"minecraft:cobbled_deepslate":3,"minecraft:raw_gold":11,"minecraft:iron_ingot":1,"minecraft:oak_boat":3,"minecraft:poppy":3,"minecraft:sugar_cane":6,"minecraft:iron_sword":1,"minecraft:oak_planks":1,"minecraft:iron_boots":1,"minecraft:furnace":6,"minecraft:raw_iron":55,"minecraft:cooked_porkchop":8,"minecraft:torch":43,"minecraft:dandelion":2,"minecraft:dripstone_block":5,"minecraft:gravel":24,"minecraft:porkchop":19,"minecraft:pointed_dripstone":15,"minecraft:white_bed":1,"minecraft:diorite":7,"minecraft:vine":2,"minecraft:jungle_leaves":9,"minecraft:arrow":7,"minecraft:rotten_flesh":3,"minecraft:diamond":47,"minecraft:iron_helmet":1,"minecraft:granite":8,"minecraft:bone_meal":1,"minecraft:gray_wool":1,"minecraft:bread":31,"minecraft:black_wool":1,"minecraft:oak_sapling":4,"minecraft:oak_leaves":63,"minecraft:mutton":8,"minecraft:coal":30,"minecraft:white_wool":4,"minecraft:cobblestone":414},"minecraft:killed":{"minecraft:pig":5,"minecraft:salmon":16,"minecraft:spider":1,"minecraft:sheep":3,"minecraft:skeleton":2,"minecraft:zombie":4,"minecraft:chicken":1},"minecraft:custom":{"minecraft:interact_with_furnace":30,"minecraft:mob_kills":34,"minecraft:interact_with_crafting_table":29,"minecraft:leave_game":8,"minecraft:time_since_death":39049,"minecraft:climb_one_cm":3711,"minecraft:time_since_rest":39100,"minecraft:sprint_one_cm":239610,"minecraft:damage_taken":1392,"minecraft:walk_one_cm":174704,"minecraft:damage_blocked_by_shield":250,"minecraft:drop":9,"minecraft:damage_dealt":3804,"minecraft:swim_one_cm":28368,"minecraft:fly_one_cm":237542,"minecraft:player_kills":4,"minecraft:open_chest":2,"minecraft:crouch_one_cm":7844,"minecraft:play_time":93715,"minecraft:deaths":2,"minecraft:sneak_time":2313,"minecraft:walk_under_water_one_cm":18766,"minecraft:boat_one_cm":212580,"minecraft:jump":1515,"minecraft:walk_on_water_one_cm":8825,"minecraft:total_world_time":93715,"minecraft:fall_one_cm":44738},"minecraft:crafted":{"minecraft:oak_planks":124,"minecraft:wooden_shovel":2,"minecraft:cooked_porkchop":5,"minecraft:crafting_table":1,"minecraft:wooden_pickaxe":2,"minecraft:furnace":2,"minecraft:cooked_salmon":4,"minecraft:cooked_mutton":2,"minecraft:air":0,"minecraft:oak_boat":1,"minecraft:shield":2,"minecraft:stick":32,"minecraft:iron_ingot":12,"minecraft:iron_pickaxe":2,"minecraft:stone_pickaxe":3,"minecraft:wooden_axe":3,"minecraft:chest":1,"minecraft:stone_sword":1,"minecraft:white_bed":1,"minecraft:torch":8,"minecraft:shears":1},"minecraft:used":{"minecraft:cooked_mutton":2,"minecraft:diorite":1,"minecraft:stone_sword":8,"minecraft:stone_pickaxe":286,"minecraft:oak_planks":34,"minecraft:chest":1,"minecraft:shield":7,"minecraft:wooden_pickaxe":52,"minecraft:iron_sword":24,"minecraft:wooden_shovel":50,"minecraft:cooked_salmon":4,"minecraft:torch":8,"minecraft:dirt":15,"minecraft:crafting_table":12,"minecraft:white_bed":2,"minecraft:shears":196,"minecraft:wooden_axe":74,"minecraft:iron_axe":14,"minecraft:bread":9,"minecraft:iron_pickaxe":276,"minecraft:gravel":12,"minecraft:cobblestone":38,"minecraft:furnace":6,"minecraft:porkchop":3,"minecraft:cooked_porkchop":4,"minecraft:oak_boat":3},"minecraft:mined":{"minecraft:diamond_ore":12,"minecraft:white_bed":1,"minecraft:deepslate_diamond_ore":1,"minecraft:jungle_leaves":27,"minecraft:crafting_table":13,"minecraft:granite":8,"minecraft:grass_block":4,"minecraft:copper_ore":4,"minecraft:cobblestone":3,"minecraft:lapis_ore":2,"minecraft:diorite":7,"minecraft:wall_torch":7,"minecraft:tall_seagrass":3,"minecraft:furnace":6,"minecraft:iron_ore":55,"minecraft:andesite":2,"minecraft:grass":4,"minecraft:cocoa":1,"minecraft:coal_ore":30,"minecraft:pointed_dripstone":8,"minecraft:oak_log":38,"minecraft:vine":3,"minecraft:dirt":24,"minecraft:gravel":27,"minecraft:dripstone_block":15,"minecraft:stone":441,"minecraft:gold_ore":11,"minecraft:oak_leaves":172,"minecraft:deepslate":3,"minecraft:fern":1},"minecraft:dropped":{"minecraft:iron_ingot":3,"minecraft:wheat_seeds":1,"minecraft:raw_iron":4,"minecraft:cobblestone":64,"minecraft:rotten_flesh":2,"minecraft:oak_sapling":2,"minecraft:bone_meal":1,"minecraft:bone":4}},"DataVersion":3465}