{"stats":{"minecraft:picked_up":{"minecraft:raw_iron":5,"minecraft:crafting_table":1,"minecraft:oak_log":13,"minecraft:dirt":8,"minecraft:cobblestone":11},"minecraft:custom":{"minecraft:time_since_rest":4019,"minecraft:crouch_one_cm":413,"minecraft:play_time":4019,"minecraft:sprint_one_cm":13035,"minecraft:damage_taken":111,"minecraft:walk_one_cm":6211,"minecraft:sneak_time":171,"minecraft:jump":55,"minecraft:damage_dealt":591,"minecraft:leave_game":1,"minecraft:time_since_death":4019,"minecraft:climb_one_cm":418,"minecraft:total_world_time":4019,"minecraft:player_kills":3,"minecraft:fall_one_cm":627,"minecraft:interact_with_crafting_table":3,"minecraft:fly_one_cm":10305},"minecraft:crafted":{"minecraft:oak_planks":20,"minecraft:wooden_shovel":1,"minecraft:crafting_table":1,"minecraft:stick":12,"minecraft:stone_pickaxe":1,"minecraft:wooden_pickaxe":1,"minecraft:wooden_axe":2},"minecraft:used":{"minecraft:wooden_axe":19,"minecraft:crafting_table":2,"minecraft:stone_pickaxe":10,"minecraft:wooden_pickaxe":10,"minecraft:wooden_shovel":5},"minecraft:mined":{"minecraft:grass":1,"minecraft:grass_block":2,"minecraft:oak_log":12,"minecraft:dirt":6,"minecraft:iron_ore":8,"minecraft:stone":11,"minecraft:oak_leaves":2,"minecraft:crafting_table":1}},"DataVersion":3465}