{"stats":{"minecraft:broken":{"minecraft:stone_axe":2},"minecraft:picked_up":{"minecraft:crafting_table":12,"minecraft:chicken":2,"minecraft:brewing_stand":1,"minecraft:shield":4,"minecraft:string":2,"minecraft:wooden_sword":1,"minecraft:beef":6,"minecraft:oak_boat":1,"minecraft:light_gray_wool":1,"minecraft:iron_pickaxe":2,"minecraft:melon_slice":81,"minecraft:chest":5,"minecraft:birch_sapling":1,"minecraft:furnace":11,"minecraft:raw_iron":6,"minecraft:stick":13,"minecraft:composter":2,"minecraft:redstone":1,"minecraft:arrow":8,"minecraft:rotten_flesh":16,"minecraft:hay_block":52,"minecraft:mutton":63,"minecraft:cobblestone":96,"minecraft:white_wool":69,"minecraft:stripped_oak_log":1,"minecraft:birch_log":41,"minecraft:jungle_log":18,"minecraft:salmon":1,"minecraft:leather":12,"minecraft:potato":17,"minecraft:flint":2,"minecraft:oak_log":252,"minecraft:gunpowder":1,"minecraft:wooden_hoe":1,"minecraft:dirt":17,"minecraft:cooked_mutton":2,"minecraft:bone":10,"minecraft:apple":20,"minecraft:wheat_seeds":2,"minecraft:stone_pickaxe":3,"minecraft:iron_ingot":22,"minecraft:fletching_table":4,"minecraft:oak_planks":51,"minecraft:iron_sword":2,"minecraft:gravel":8,"minecraft:jungle_planks":32,"minecraft:blast_furnace":6,"minecraft:stone_axe":3,"minecraft:gray_wool":1,"minecraft:bread":230,"minecraft:emerald":3,"minecraft:oak_sapling":26,"minecraft:black_wool":1,"minecraft:coal":148},"minecraft:killed":{"minecraft:spider":1,"minecraft:skeleton":3,"minecraft:chicken":2,"minecraft:zombie_villager":1,"minecraft:salmon":1,"minecraft:iron_golem":3,"minecraft:creeper":1,"minecraft:sheep":23,"minecraft:zombie":11,"minecraft:villager":3,"minecraft:cow":2},"minecraft:custom":{"minecraft:mob_kills":51,"minecraft:interact_with_crafting_table":14,"minecraft:bell_ring":43,"minecraft:time_since_death":39104,"minecraft:climb_one_cm":1601,"minecraft:sprint_one_cm":221833,"minecraft:walk_one_cm":81514,"minecraft:damage_blocked_by_shield":575,"minecraft:drop":20,"minecraft:talked_to_villager":36,"minecraft:play_time":65994,"minecraft:deaths":2,"minecraft:sneak_time":4013,"minecraft:walk_under_water_one_cm":1808,"minecraft:jump":1249,"minecraft:interact_with_blast_furnace":4,"minecraft:walk_on_water_one_cm":1740,"minecraft:total_world_time":65994,"minecraft:interact_with_furnace":20,"minecraft:traded_with_villager":66,"minecraft:sleep_in_bed":4,"minecraft:time_since_rest":18648,"minecraft:damage_taken":1219,"minecraft:damage_dealt":9307,"minecraft:swim_one_cm":22956,"minecraft:fly_one_cm":238737,"minecraft:open_chest":19,"minecraft:crouch_one_cm":6063,"minecraft:fall_one_cm":39722},"minecraft:crafted":{"minecraft:oak_planks":972,"minecraft:redstone":24,"minecraft:iron_nugget":3,"minecraft:cooked_chicken":2,"minecraft:furnace":1,"minecraft:iron_boots":4,"minecraft:iron_axe":1,"minecraft:stone_pickaxe":1,"minecraft:wheat":342,"minecraft:emerald":50,"minecraft:crafting_table":1,"minecraft:wooden_pickaxe":1,"minecraft:iron_helmet":1,"minecraft:iron_sword":1,"minecraft:cooked_salmon":1,"minecraft:fletching_table":1,"minecraft:birch_planks":160,"minecraft:stone_axe":2,"minecraft:bread":114,"minecraft:air":0,"minecraft:jungle_planks":68,"minecraft:iron_chestplate":1,"minecraft:wooden_hoe":1,"minecraft:shield":1,"minecraft:stick":2336,"minecraft:iron_ingot":6,"minecraft:iron_pickaxe":1,"minecraft:wooden_axe":1},"minecraft:used":{"minecraft:redstone":1,"minecraft:chest":2,"minecraft:shield":13,"minecraft:iron_sword":61,"minecraft:cooked_salmon":1,"minecraft:cooked_chicken":2,"minecraft:brewing_stand":1,"minecraft:mutton":1,"minecraft:wooden_axe":12,"minecraft:iron_axe":226,"minecraft:light_gray_wool":1,"minecraft:beef":2,"minecraft:hay_block":10,"minecraft:furnace":5,"minecraft:oak_sapling":10,"minecraft:cooked_mutton":2,"minecraft:birch_planks":1,"minecraft:stone_pickaxe":69,"minecraft:oak_planks":33,"minecraft:wooden_pickaxe":8,"minecraft:fletching_table":5,"minecraft:white_wool":12,"minecraft:crafting_table":9,"minecraft:blast_furnace":4,"minecraft:oak_log":2,"minecraft:melon_slice":3,"minecraft:bread":14,"minecraft:iron_pickaxe":15,"minecraft:gravel":8,"minecraft:stone_axe":238,"minecraft:cobblestone":23,"minecraft:birch_log":1,"minecraft:gray_wool":1},"minecraft:mined":{"minecraft:jungle_leaves":1,"minecraft:brewing_stand":1,"minecraft:grass_block":1,"minecraft:jungle_log":18,"minecraft:redstone_wire":1,"minecraft:composter":2,"minecraft:hay_block":47,"minecraft:furnace":5,"minecraft:carrots":1,"minecraft:iron_ore":6,"minecraft:fletching_table":4,"minecraft:vine":1,"minecraft:oak_stairs":1,"minecraft:stripped_oak_log":1,"minecraft:stone":41,"minecraft:white_wool":12,"minecraft:crafting_table":8,"minecraft:blast_furnace":4,"minecraft:melon":7,"minecraft:chest":2,"minecraft:rose_bush":1,"minecraft:cobblestone":9,"minecraft:tall_grass":12,"minecraft:oak_planks":22,"minecraft:seagrass":2,"minecraft:birch_log":41,"minecraft:wheat":1,"minecraft:birch_leaves":1,"minecraft:bee_nest":1,"minecraft:grass":26,"minecraft:coal_ore":26,"minecraft:oak_log":247,"minecraft:gravel":10,"minecraft:oak_leaves":21,"minecraft:fern":5},"minecraft:dropped":{"minecraft:birch_planks":1,"minecraft:wheat_seeds":2,"minecraft:dirt":1,"minecraft:wooden_hoe":2,"minecraft:wooden_axe":1,"minecraft:white_wool":3,"minecraft:birch_sapling":1,"minecraft:composter":2,"minecraft:rotten_flesh":6,"minecraft:gunpowder":1,"minecraft:oak_sapling":12,"minecraft:stone_pickaxe":1,"minecraft:beef":1,"minecraft:wooden_pickaxe":1,"minecraft:black_wool":1},"minecraft:killed_by":{"minecraft:iron_golem":2}},"DataVersion":3465}