{"stats":{"minecraft:picked_up":{"minecraft:crafting_table":1,"minecraft:jungle_log":10,"minecraft:salmon":1,"minecraft:oak_log":3,"minecraft:wooden_hoe":1,"minecraft:cobblestone":8},"minecraft:killed":{"minecraft:salmon":1},"minecraft:custom":{"minecraft:time_since_rest":6000,"minecraft:sprint_one_cm":12527,"minecraft:damage_taken":160,"minecraft:walk_one_cm":2300,"minecraft:mob_kills":1,"minecraft:drop":3,"minecraft:damage_dealt":134,"minecraft:interact_with_crafting_table":2,"minecraft:swim_one_cm":6420,"minecraft:fly_one_cm":11005,"minecraft:crouch_one_cm":552,"minecraft:play_time":6000,"minecraft:sneak_time":797,"minecraft:walk_under_water_one_cm":771,"minecraft:jump":59,"minecraft:time_since_death":6000,"minecraft:walk_on_water_one_cm":328,"minecraft:climb_one_cm":981,"minecraft:total_world_time":6000,"minecraft:fall_one_cm":2058},"minecraft:crafted":{"minecraft:oak_planks":12,"minecraft:wooden_hoe":1,"minecraft:crafting_table":1,"minecraft:stick":12,"minecraft:wooden_pickaxe":1,"minecraft:wooden_axe":1,"minecraft:stone_pickaxe":1,"minecraft:stone_axe":1,"minecraft:jungle_planks":12},"minecraft:used":{"minecraft:wooden_axe":12,"minecraft:wooden_pickaxe":8,"minecraft:stone_axe":1,"minecraft:crafting_table":2},"minecraft:dropped":{"minecraft:wooden_hoe":1,"minecraft:wooden_axe":1,"minecraft:wooden_pickaxe":1},"minecraft:mined":{"minecraft:seagrass":2,"minecraft:jungle_leaves":1,"minecraft:crafting_table":2,"minecraft:grass":1,"minecraft:oak_log":4,"minecraft:jungle_log":10,"minecraft:stone":8}},"DataVersion":3465}