{"stats":{"minecraft:broken":{"minecraft:stone_axe":1},"minecraft:picked_up":{"minecraft:stripped_oak_log":1,"minecraft:birch_log":11,"minecraft:crafting_table":12,"minecraft:chicken":2,"minecraft:salmon":1,"minecraft:jungle_log":10,"minecraft:leather":12,"minecraft:potato":17,"minecraft:flint":2,"minecraft:oak_log":83,"minecraft:shield":4,"minecraft:gunpowder":1,"minecraft:dirt":1,"minecraft:wooden_hoe":1,"minecraft:wooden_sword":1,"minecraft:cooked_mutton":2,"minecraft:bone":4,"minecraft:apple":17,"minecraft:wheat_seeds":2,"minecraft:iron_ingot":18,"minecraft:beef":6,"minecraft:stone_pickaxe":3,"minecraft:oak_boat":1,"minecraft:iron_pickaxe":2,"minecraft:light_gray_wool":1,"minecraft:melon_slice":81,"minecraft:chest":5,"minecraft:iron_sword":2,"minecraft:oak_planks":38,"minecraft:furnace":11,"minecraft:stick":10,"minecraft:raw_iron":6,"minecraft:gravel":8,"minecraft:jungle_planks":32,"minecraft:blast_furnace":3,"minecraft:redstone":1,"minecraft:arrow":6,"minecraft:rotten_flesh":6,"minecraft:stone_axe":3,"minecraft:hay_block":52,"minecraft:emerald":3,"minecraft:gray_wool":1,"minecraft:bread":230,"minecraft:oak_sapling":9,"minecraft:mutton":61,"minecraft:black_wool":1,"minecraft:coal":148,"minecraft:white_wool":68,"minecraft:cobblestone":96},"minecraft:killed":{"minecraft:zombie_villager":1,"minecraft:salmon":1,"minecraft:iron_golem":2,"minecraft:creeper":1,"minecraft:sheep":22,"minecraft:zombie":2,"minecraft:chicken":2,"minecraft:villager":2,"minecraft:cow":2},"minecraft:custom":{"minecraft:interact_with_furnace":20,"minecraft:mob_kills":35,"minecraft:traded_with_villager":24,"minecraft:interact_with_crafting_table":11,"minecraft:bell_ring":43,"minecraft:time_since_death":15104,"minecraft:sleep_in_bed":2,"minecraft:climb_one_cm":1187,"minecraft:time_since_rest":13905,"minecraft:sprint_one_cm":143156,"minecraft:damage_taken":965,"minecraft:walk_one_cm":44773,"minecraft:damage_blocked_by_shield":225,"minecraft:drop":14,"minecraft:damage_dealt":5279,"minecraft:talked_to_villager":8,"minecraft:swim_one_cm":22956,"minecraft:fly_one_cm":170126,"minecraft:open_chest":11,"minecraft:crouch_one_cm":5783,"minecraft:play_time":41994,"minecraft:deaths":2,"minecraft:sneak_time":3672,"minecraft:walk_under_water_one_cm":1808,"minecraft:jump":895,"minecraft:walk_on_water_one_cm":1740,"minecraft:total_world_time":41994,"minecraft:fall_one_cm":30619},"minecraft:crafted":{"minecraft:oak_planks":180,"minecraft:redstone":24,"minecraft:emerald":12,"minecraft:crafting_table":1,"minecraft:wooden_pickaxe":1,"minecraft:iron_helmet":1,"minecraft:cooked_chicken":2,"minecraft:iron_sword":1,"minecraft:furnace":1,"minecraft:cooked_salmon":1,"minecraft:fletching_table":1,"minecraft:birch_planks":44,"minecraft:stone_axe":2,"minecraft:bread":114,"minecraft:air":0,"minecraft:jungle_planks":36,"minecraft:iron_boots":1,"minecraft:wooden_hoe":1,"minecraft:shield":1,"minecraft:stick":400,"minecraft:iron_ingot":6,"minecraft:iron_pickaxe":1,"minecraft:stone_pickaxe":1,"minecraft:wooden_axe":1,"minecraft:wheat":342},"minecraft:used":{"minecraft:cooked_mutton":2,"minecraft:redstone":1,"minecraft:stone_pickaxe":69,"minecraft:oak_planks":18,"minecraft:chest":2,"minecraft:shield":2,"minecraft:wooden_pickaxe":8,"minecraft:iron_sword":49,"minecraft:fletching_table":1,"minecraft:cooked_salmon":1,"minecraft:cooked_chicken":2,"minecraft:white_wool":12,"minecraft:mutton":1,"minecraft:crafting_table":9,"minecraft:wooden_axe":12,"minecraft:bread":5,"minecraft:melon_slice":3,"minecraft:iron_pickaxe":11,"minecraft:gravel":8,"minecraft:stone_axe":172,"minecraft:light_gray_wool":1,"minecraft:cobblestone":23,"minecraft:beef":2,"minecraft:hay_block":10,"minecraft:oak_sapling":6,"minecraft:furnace":5,"minecraft:gray_wool":1},"minecraft:mined":{"minecraft:jungle_leaves":1,"minecraft:crafting_table":8,"minecraft:blast_furnace":1,"minecraft:grass_block":1,"minecraft:melon":7,"minecraft:chest":2,"minecraft:jungle_log":10,"minecraft:redstone_wire":1,"minecraft:tall_grass":12,"minecraft:cobblestone":9,"minecraft:oak_planks":9,"minecraft:hay_block":47,"minecraft:seagrass":2,"minecraft:furnace":5,"minecraft:birch_log":11,"minecraft:iron_ore":6,"minecraft:birch_leaves":1,"minecraft:grass":23,"minecraft:oak_log":77,"minecraft:coal_ore":26,"minecraft:gravel":10,"minecraft:stripped_oak_log":1,"minecraft:stone":41,"minecraft:white_wool":12,"minecraft:oak_leaves":6,"minecraft:fern":4},"minecraft:dropped":{"minecraft:wheat_seeds":2,"minecraft:rotten_flesh":4,"minecraft:dirt":1,"minecraft:gunpowder":1,"minecraft:wooden_hoe":2,"minecraft:wooden_axe":1,"minecraft:oak_sapling":1,"minecraft:beef":1,"minecraft:stone_pickaxe":1,"minecraft:wooden_pickaxe":1,"minecraft:white_wool":2,"minecraft:black_wool":1},"minecraft:killed_by":{"minecraft:iron_golem":2}},"DataVersion":3465}