{"stats":{"minecraft:broken":{"minecraft:iron_axe":1,"minecraft:stone_axe":2},"minecraft:picked_up":{"minecraft:crafting_table":12,"minecraft:chicken":2,"minecraft:brewing_stand":1,"minecraft:shield":4,"minecraft:string":2,"minecraft:wooden_sword":1,"minecraft:beef":8,"minecraft:oak_boat":1,"minecraft:light_gray_wool":1,"minecraft:iron_pickaxe":2,"minecraft:melon_slice":81,"minecraft:sugar_cane":6,"minecraft:chest":5,"minecraft:birch_sapling":3,"minecraft:furnace":11,"minecraft:stick":13,"minecraft:raw_iron":6,"minecraft:composter":2,"minecraft:torch":1,"minecraft:redstone":1,"minecraft:arrow":12,"minecraft:rotten_flesh":18,"minecraft:hay_block":52,"minecraft:mutton":73,"minecraft:cobblestone":96,"minecraft:white_wool":75,"minecraft:nautilus_shell":1,"minecraft:stripped_oak_log":1,"minecraft:birch_log":41,"minecraft:salmon":2,"minecraft:jungle_log":18,"minecraft:leather":17,"minecraft:potato":17,"minecraft:flint":2,"minecraft:oak_log":256,"minecraft:yellow_bed":1,"minecraft:gunpowder":1,"minecraft:wooden_hoe":1,"minecraft:dirt":41,"minecraft:cooked_mutton":2,"minecraft:bone":14,"minecraft:apple":20,"minecraft:wheat_seeds":2,"minecraft:stone_pickaxe":3,"minecraft:iron_ingot":22,"minecraft:fletching_table":5,"minecraft:oak_planks":60,"minecraft:iron_sword":2,"minecraft:gravel":8,"minecraft:jungle_planks":32,"minecraft:blast_furnace":10,"minecraft:white_bed":1,"minecraft:stone_axe":3,"minecraft:gray_wool":1,"minecraft:emerald":3,"minecraft:bread":230,"minecraft:oak_sapling":28,"minecraft:black_wool":1,"minecraft:coal":148},"minecraft:killed":{"minecraft:spider":2,"minecraft:horse":5,"minecraft:skeleton":7,"minecraft:chicken":2,"minecraft:drowned":1,"minecraft:zombie_villager":1,"minecraft:salmon":3,"minecraft:iron_golem":3,"minecraft:creeper":1,"minecraft:sheep":29,"minecraft:zombie":18,"minecraft:villager":5,"minecraft:cow":3},"minecraft:custom":{"minecraft:mob_kills":80,"minecraft:interact_with_crafting_table":15,"minecraft:bell_ring":43,"minecraft:leave_game":2,"minecraft:time_since_death":185,"minecraft:climb_one_cm":5651,"minecraft:sprint_one_cm":364667,"minecraft:walk_one_cm":116628,"minecraft:damage_blocked_by_shield":1220,"minecraft:drop":22,"minecraft:talked_to_villager":56,"minecraft:play_time":100296,"minecraft:deaths":6,"minecraft:sneak_time":4059,"minecraft:walk_under_water_one_cm":8345,"minecraft:interact_with_brewingstand":1,"minecraft:jump":2254,"minecraft:interact_with_blast_furnace":6,"minecraft:walk_on_water_one_cm":8941,"minecraft:total_world_time":100296,"minecraft:interact_with_furnace":20,"minecraft:traded_with_villager":72,"minecraft:sleep_in_bed":4,"minecraft:time_since_rest":211,"minecraft:damage_taken":2805,"minecraft:damage_dealt":14320,"minecraft:swim_one_cm":104193,"minecraft:fly_one_cm":396454,"minecraft:open_chest":35,"minecraft:crouch_one_cm":6063,"minecraft:fall_one_cm":85069},"minecraft:crafted":{"minecraft:oak_planks":972,"minecraft:redstone":24,"minecraft:iron_nugget":3,"minecraft:cooked_chicken":2,"minecraft:furnace":1,"minecraft:iron_boots":4,"minecraft:iron_axe":2,"minecraft:stone_pickaxe":1,"minecraft:wheat":342,"minecraft:emerald":50,"minecraft:crafting_table":1,"minecraft:wooden_pickaxe":1,"minecraft:iron_helmet":1,"minecraft:iron_sword":1,"minecraft:cooked_salmon":1,"minecraft:fletching_table":1,"minecraft:birch_planks":160,"minecraft:stone_axe":2,"minecraft:bread":114,"minecraft:air":0,"minecraft:jungle_planks":68,"minecraft:iron_chestplate":1,"minecraft:wooden_hoe":1,"minecraft:shield":1,"minecraft:stick":2336,"minecraft:iron_ingot":6,"minecraft:iron_pickaxe":1,"minecraft:wooden_axe":1,"minecraft:iron_leggings":1,"minecraft:torch":48,"minecraft:lapis_lazuli":5},"minecraft:used":{"minecraft:redstone":1,"minecraft:chest":2,"minecraft:shield":26,"minecraft:iron_sword":116,"minecraft:cooked_salmon":1,"minecraft:cooked_chicken":2,"minecraft:torch":13,"minecraft:brewing_stand":1,"minecraft:dirt":24,"minecraft:mutton":11,"minecraft:wooden_axe":12,"minecraft:iron_axe":245,"minecraft:birch_sapling":2,"minecraft:light_gray_wool":1,"minecraft:beef":2,"minecraft:hay_block":10,"minecraft:oak_sapling":11,"minecraft:furnace":5,"minecraft:cooked_mutton":2,"minecraft:birch_planks":1,"minecraft:stone_pickaxe":69,"minecraft:oak_planks":41,"minecraft:wooden_pickaxe":8,"minecraft:fletching_table":5,"minecraft:salmon":1,"minecraft:white_wool":16,"minecraft:crafting_table":9,"minecraft:blast_furnace":8,"minecraft:oak_log":2,"minecraft:bread":27,"minecraft:melon_slice":3,"minecraft:iron_pickaxe":24,"minecraft:gravel":8,"minecraft:stone_axe":264,"minecraft:cobblestone":23,"minecraft:birch_log":1,"minecraft:gray_wool":1},"minecraft:dropped":{"minecraft:birch_planks":1,"minecraft:wheat_seeds":2,"minecraft:dirt":1,"minecraft:wooden_hoe":2,"minecraft:wooden_axe":1,"minecraft:white_wool":3,"minecraft:birch_sapling":1,"minecraft:composter":2,"minecraft:rotten_flesh":7,"minecraft:gunpowder":1,"minecraft:oak_sapling":13,"minecraft:wooden_pickaxe":1,"minecraft:beef":1,"minecraft:stone_pickaxe":1,"minecraft:black_wool":1},"minecraft:mined":{"minecraft:white_bed":1,"minecraft:jungle_leaves":1,"minecraft:brewing_stand":1,"minecraft:grass_block":15,"minecraft:jungle_log":18,"minecraft:redstone_wire":1,"minecraft:composter":2,"minecraft:hay_block":47,"minecraft:furnace":5,"minecraft:carrots":1,"minecraft:iron_ore":6,"minecraft:fletching_table":5,"minecraft:vine":3,"minecraft:oak_stairs":1,"minecraft:stripped_oak_log":1,"minecraft:stone":41,"minecraft:white_wool":12,"minecraft:crafting_table":8,"minecraft:blast_furnace":8,"minecraft:melon":7,"minecraft:chest":2,"minecraft:rose_bush":1,"minecraft:tall_grass":12,"minecraft:cobblestone":9,"minecraft:sugar_cane":2,"minecraft:oak_planks":31,"minecraft:seagrass":2,"minecraft:birch_log":41,"minecraft:wheat":1,"minecraft:birch_leaves":1,"minecraft:yellow_bed":1,"minecraft:bee_nest":1,"minecraft:grass":30,"minecraft:coal_ore":26,"minecraft:oak_log":251,"minecraft:gravel":10,"minecraft:dirt":10,"minecraft:oak_leaves":46,"minecraft:fern":5},"minecraft:killed_by":{"minecraft:player":1,"minecraft:iron_golem":2}},"DataVersion":3465}