{"stats":{"minecraft:picked_up":{"minecraft:crafting_table":10,"minecraft:chicken":2,"minecraft:salmon":1,"minecraft:jungle_log":10,"minecraft:leather":12,"minecraft:potato":17,"minecraft:flint":2,"minecraft:oak_log":15,"minecraft:shield":4,"minecraft:gunpowder":1,"minecraft:dirt":1,"minecraft:wooden_hoe":1,"minecraft:wooden_sword":1,"minecraft:cooked_mutton":2,"minecraft:bone":4,"minecraft:apple":17,"minecraft:iron_ingot":14,"minecraft:beef":6,"minecraft:stone_pickaxe":3,"minecraft:oak_boat":1,"minecraft:iron_pickaxe":2,"minecraft:light_gray_wool":1,"minecraft:melon_slice":81,"minecraft:chest":5,"minecraft:iron_sword":2,"minecraft:oak_planks":29,"minecraft:furnace":11,"minecraft:stick":10,"minecraft:raw_iron":6,"minecraft:gravel":8,"minecraft:jungle_planks":32,"minecraft:blast_furnace":3,"minecraft:arrow":6,"minecraft:rotten_flesh":6,"minecraft:stone_axe":3,"minecraft:hay_block":52,"minecraft:emerald":3,"minecraft:gray_wool":1,"minecraft:bread":230,"minecraft:oak_sapling":8,"minecraft:mutton":57,"minecraft:black_wool":1,"minecraft:coal":148,"minecraft:white_wool":65,"minecraft:cobblestone":92},"minecraft:killed":{"minecraft:zombie_villager":1,"minecraft:salmon":1,"minecraft:iron_golem":1,"minecraft:creeper":1,"minecraft:sheep":20,"minecraft:zombie":2,"minecraft:chicken":2,"minecraft:villager":2,"minecraft:cow":2},"minecraft:custom":{"minecraft:interact_with_furnace":20,"minecraft:mob_kills":32,"minecraft:interact_with_crafting_table":8,"minecraft:time_since_death":3104,"minecraft:sleep_in_bed":2,"minecraft:climb_one_cm":1187,"minecraft:time_since_rest":1905,"minecraft:sprint_one_cm":107506,"minecraft:damage_taken":965,"minecraft:walk_one_cm":31838,"minecraft:damage_blocked_by_shield":225,"minecraft:drop":12,"minecraft:damage_dealt":4119,"minecraft:swim_one_cm":22956,"minecraft:fly_one_cm":139440,"minecraft:open_chest":3,"minecraft:crouch_one_cm":5657,"minecraft:play_time":29994,"minecraft:deaths":2,"minecraft:sneak_time":3336,"minecraft:walk_under_water_one_cm":1808,"minecraft:jump":711,"minecraft:walk_on_water_one_cm":1740,"minecraft:total_world_time":29994,"minecraft:fall_one_cm":27461},"minecraft:crafted":{"minecraft:oak_planks":12,"minecraft:crafting_table":1,"minecraft:wooden_pickaxe":1,"minecraft:iron_helmet":1,"minecraft:cooked_chicken":2,"minecraft:iron_sword":1,"minecraft:furnace":1,"minecraft:cooked_salmon":1,"minecraft:stone_axe":1,"minecraft:bread":108,"minecraft:air":0,"minecraft:jungle_planks":36,"minecraft:iron_boots":1,"minecraft:wooden_hoe":1,"minecraft:shield":1,"minecraft:stick":16,"minecraft:iron_ingot":6,"minecraft:iron_pickaxe":1,"minecraft:stone_pickaxe":1,"minecraft:wooden_axe":1,"minecraft:wheat":324},"minecraft:used":{"minecraft:cooked_mutton":2,"minecraft:stone_pickaxe":69,"minecraft:oak_planks":5,"minecraft:chest":1,"minecraft:shield":2,"minecraft:wooden_pickaxe":8,"minecraft:iron_sword":49,"minecraft:cooked_salmon":1,"minecraft:cooked_chicken":2,"minecraft:white_wool":12,"minecraft:mutton":1,"minecraft:crafting_table":6,"minecraft:wooden_axe":12,"minecraft:bread":3,"minecraft:melon_slice":3,"minecraft:iron_pickaxe":7,"minecraft:gravel":2,"minecraft:stone_axe":49,"minecraft:light_gray_wool":1,"minecraft:cobblestone":12,"minecraft:beef":2,"minecraft:hay_block":10,"minecraft:oak_sapling":5,"minecraft:furnace":5,"minecraft:gray_wool":1},"minecraft:dropped":{"minecraft:rotten_flesh":4,"minecraft:dirt":1,"minecraft:gunpowder":1,"minecraft:wooden_hoe":2,"minecraft:wooden_axe":1,"minecraft:oak_sapling":1,"minecraft:beef":1,"minecraft:stone_pickaxe":1,"minecraft:wooden_pickaxe":1,"minecraft:black_wool":1},"minecraft:mined":{"minecraft:jungle_leaves":1,"minecraft:crafting_table":6,"minecraft:blast_furnace":1,"minecraft:grass_block":1,"minecraft:melon":7,"minecraft:chest":2,"minecraft:jungle_log":10,"minecraft:tall_grass":1,"minecraft:cobblestone":5,"minecraft:hay_block":47,"minecraft:seagrass":2,"minecraft:furnace":5,"minecraft:iron_ore":6,"minecraft:grass":15,"minecraft:oak_log":8,"minecraft:coal_ore":26,"minecraft:gravel":10,"minecraft:stone":41,"minecraft:white_wool":11,"minecraft:oak_leaves":3,"minecraft:fern":4},"minecraft:killed_by":{"minecraft:iron_golem":2}},"DataVersion":3465}