{"stats":{"minecraft:picked_up":{"minecraft:crafting_table":4,"minecraft:chicken":2,"minecraft:salmon":1,"minecraft:jungle_log":10,"minecraft:leather":4,"minecraft:oak_log":7,"minecraft:wooden_hoe":1,"minecraft:cooked_mutton":2,"minecraft:beef":3,"minecraft:light_gray_wool":1,"minecraft:melon_slice":29,"minecraft:oak_planks":5,"minecraft:furnace":5,"minecraft:raw_iron":6,"minecraft:hay_block":5,"minecraft:gray_wool":1,"minecraft:mutton":19,"minecraft:black_wool":1,"minecraft:coal":98,"minecraft:white_wool":11,"minecraft:cobblestone":42},"minecraft:killed":{"minecraft:salmon":1,"minecraft:sheep":14,"minecraft:chicken":2,"minecraft:villager":1,"minecraft:cow":2},"minecraft:custom":{"minecraft:interact_with_furnace":20,"minecraft:mob_kills":20,"minecraft:interact_with_crafting_table":6,"minecraft:time_since_death":18000,"minecraft:climb_one_cm":1187,"minecraft:time_since_rest":18000,"minecraft:sprint_one_cm":53571,"minecraft:damage_taken":330,"minecraft:walk_one_cm":13024,"minecraft:drop":5,"minecraft:damage_dealt":1734,"minecraft:swim_one_cm":22956,"minecraft:fly_one_cm":69917,"minecraft:crouch_one_cm":3721,"minecraft:play_time":18000,"minecraft:sneak_time":2404,"minecraft:walk_under_water_one_cm":1808,"minecraft:jump":417,"minecraft:walk_on_water_one_cm":1740,"minecraft:total_world_time":18000,"minecraft:fall_one_cm":16123},"minecraft:crafted":{"minecraft:oak_planks":12,"minecraft:crafting_table":1,"minecraft:wooden_pickaxe":1,"minecraft:cooked_chicken":2,"minecraft:iron_sword":1,"minecraft:furnace":1,"minecraft:cooked_salmon":1,"minecraft:stone_axe":1,"minecraft:air":0,"minecraft:jungle_planks":36,"minecraft:wooden_hoe":1,"minecraft:shield":1,"minecraft:stick":16,"minecraft:iron_ingot":6,"minecraft:iron_pickaxe":1,"minecraft:stone_pickaxe":1,"minecraft:wooden_axe":1},"minecraft:used":{"minecraft:cooked_mutton":2,"minecraft:stone_pickaxe":69,"minecraft:oak_planks":5,"minecraft:wooden_pickaxe":8,"minecraft:iron_sword":15,"minecraft:cooked_salmon":1,"minecraft:cooked_chicken":2,"minecraft:mutton":1,"minecraft:crafting_table":4,"minecraft:wooden_axe":12,"minecraft:melon_slice":1,"minecraft:iron_pickaxe":2,"minecraft:stone_axe":34,"minecraft:light_gray_wool":1,"minecraft:cobblestone":5,"minecraft:furnace":5,"minecraft:gray_wool":1},"minecraft:dropped":{"minecraft:wooden_hoe":2,"minecraft:wooden_axe":1,"minecraft:wooden_pickaxe":1,"minecraft:black_wool":1},"minecraft:mined":{"minecraft:jungle_leaves":1,"minecraft:crafting_table":4,"minecraft:melon":7,"minecraft:jungle_log":10,"minecraft:cobblestone":1,"minecraft:hay_block":5,"minecraft:seagrass":2,"minecraft:furnace":5,"minecraft:iron_ore":6,"minecraft:grass":8,"minecraft:oak_log":8,"minecraft:coal_ore":26,"minecraft:stone":41,"minecraft:oak_leaves":3,"minecraft:fern":2}},"DataVersion":3465}