{"stats":{"minecraft:broken":{"minecraft:stone_axe":2},"minecraft:picked_up":{"minecraft:stripped_oak_log":1,"minecraft:birch_log":28,"minecraft:crafting_table":12,"minecraft:chicken":2,"minecraft:salmon":1,"minecraft:jungle_log":18,"minecraft:leather":12,"minecraft:potato":17,"minecraft:flint":2,"minecraft:oak_log":155,"minecraft:shield":4,"minecraft:gunpowder":1,"minecraft:string":2,"minecraft:dirt":1,"minecraft:wooden_hoe":1,"minecraft:wooden_sword":1,"minecraft:cooked_mutton":2,"minecraft:bone":10,"minecraft:apple":17,"minecraft:wheat_seeds":2,"minecraft:iron_ingot":18,"minecraft:beef":6,"minecraft:stone_pickaxe":3,"minecraft:oak_boat":1,"minecraft:iron_pickaxe":2,"minecraft:light_gray_wool":1,"minecraft:melon_slice":81,"minecraft:chest":5,"minecraft:iron_sword":2,"minecraft:oak_planks":45,"minecraft:furnace":11,"minecraft:stick":10,"minecraft:raw_iron":6,"minecraft:gravel":8,"minecraft:jungle_planks":32,"minecraft:blast_furnace":3,"minecraft:redstone":1,"minecraft:arrow":8,"minecraft:rotten_flesh":16,"minecraft:stone_axe":3,"minecraft:hay_block":52,"minecraft:emerald":3,"minecraft:gray_wool":1,"minecraft:bread":230,"minecraft:oak_sapling":12,"minecraft:mutton":61,"minecraft:black_wool":1,"minecraft:coal":148,"minecraft:white_wool":68,"minecraft:cobblestone":96},"minecraft:killed":{"minecraft:zombie_villager":1,"minecraft:salmon":1,"minecraft:spider":1,"minecraft:iron_golem":2,"minecraft:creeper":1,"minecraft:skeleton":3,"minecraft:sheep":22,"minecraft:zombie":11,"minecraft:chicken":2,"minecraft:villager":2,"minecraft:cow":2},"minecraft:custom":{"minecraft:interact_with_furnace":20,"minecraft:mob_kills":48,"minecraft:traded_with_villager":40,"minecraft:interact_with_crafting_table":13,"minecraft:bell_ring":43,"minecraft:time_since_death":27104,"minecraft:sleep_in_bed":4,"minecraft:climb_one_cm":1601,"minecraft:time_since_rest":6648,"minecraft:sprint_one_cm":175901,"minecraft:damage_taken":1219,"minecraft:walk_one_cm":64173,"minecraft:damage_blocked_by_shield":565,"minecraft:drop":15,"minecraft:damage_dealt":7847,"minecraft:talked_to_villager":14,"minecraft:swim_one_cm":22956,"minecraft:fly_one_cm":201349,"minecraft:open_chest":14,"minecraft:crouch_one_cm":5875,"minecraft:play_time":53994,"minecraft:deaths":2,"minecraft:sneak_time":3700,"minecraft:walk_under_water_one_cm":1808,"minecraft:jump":1052,"minecraft:walk_on_water_one_cm":1740,"minecraft:total_world_time":53994,"minecraft:fall_one_cm":34350},"minecraft:crafted":{"minecraft:oak_planks":544,"minecraft:redstone":24,"minecraft:emerald":28,"minecraft:crafting_table":1,"minecraft:wooden_pickaxe":1,"minecraft:iron_helmet":1,"minecraft:cooked_chicken":2,"minecraft:iron_sword":1,"minecraft:furnace":1,"minecraft:cooked_salmon":1,"minecraft:fletching_table":1,"minecraft:birch_planks":108,"minecraft:stone_axe":2,"minecraft:bread":114,"minecraft:air":0,"minecraft:jungle_planks":68,"minecraft:iron_boots":1,"minecraft:wooden_hoe":1,"minecraft:shield":1,"minecraft:iron_axe":1,"minecraft:stick":1336,"minecraft:iron_ingot":6,"minecraft:iron_pickaxe":1,"minecraft:stone_pickaxe":1,"minecraft:wooden_axe":1,"minecraft:wheat":342},"minecraft:used":{"minecraft:cooked_mutton":2,"minecraft:birch_planks":1,"minecraft:redstone":1,"minecraft:stone_pickaxe":69,"minecraft:oak_planks":26,"minecraft:chest":2,"minecraft:shield":12,"minecraft:wooden_pickaxe":8,"minecraft:iron_sword":49,"minecraft:fletching_table":1,"minecraft:cooked_salmon":1,"minecraft:cooked_chicken":2,"minecraft:white_wool":12,"minecraft:mutton":1,"minecraft:crafting_table":9,"minecraft:blast_furnace":1,"minecraft:oak_log":2,"minecraft:wooden_axe":12,"minecraft:iron_axe":90,"minecraft:bread":12,"minecraft:melon_slice":3,"minecraft:iron_pickaxe":11,"minecraft:gravel":8,"minecraft:stone_axe":238,"minecraft:light_gray_wool":1,"minecraft:cobblestone":23,"minecraft:beef":2,"minecraft:hay_block":10,"minecraft:oak_sapling":7,"minecraft:furnace":5,"minecraft:birch_log":1,"minecraft:gray_wool":1},"minecraft:mined":{"minecraft:jungle_leaves":1,"minecraft:crafting_table":8,"minecraft:blast_furnace":1,"minecraft:grass_block":1,"minecraft:melon":7,"minecraft:chest":2,"minecraft:jungle_log":18,"minecraft:redstone_wire":1,"minecraft:tall_grass":12,"minecraft:cobblestone":9,"minecraft:oak_planks":16,"minecraft:hay_block":47,"minecraft:seagrass":2,"minecraft:furnace":5,"minecraft:birch_log":28,"minecraft:iron_ore":6,"minecraft:birch_leaves":1,"minecraft:bee_nest":1,"minecraft:grass":24,"minecraft:oak_log":151,"minecraft:coal_ore":26,"minecraft:vine":1,"minecraft:oak_stairs":1,"minecraft:gravel":10,"minecraft:stripped_oak_log":1,"minecraft:stone":41,"minecraft:white_wool":12,"minecraft:oak_leaves":17,"minecraft:fern":4},"minecraft:dropped":{"minecraft:wheat_seeds":2,"minecraft:rotten_flesh":6,"minecraft:dirt":1,"minecraft:gunpowder":1,"minecraft:wooden_hoe":2,"minecraft:wooden_axe":1,"minecraft:oak_sapling":1,"minecraft:beef":1,"minecraft:stone_pickaxe":1,"minecraft:wooden_pickaxe":1,"minecraft:white_wool":2,"minecraft:black_wool":1},"minecraft:killed_by":{"minecraft:iron_golem":2}},"DataVersion":3465}