{"stats":{"minecraft:picked_up":{"minecraft:oak_sapling":1},"minecraft:used":{"minecraft:oak_sapling":1},"minecraft:mined":{"minecraft:oak_leaves":2},"minecraft:custom":{"minecraft:jump":32,"minecraft:time_since_rest":998,"minecraft:damage_dealt":60,"minecraft:leave_game":1,"minecraft:sprint_one_cm":4424,"minecraft:play_time":998,"minecraft:damage_taken":220,"minecraft:time_since_death":998,"minecraft:walk_one_cm":2996,"minecraft:total_world_time":998,"minecraft:fall_one_cm":1047,"minecraft:fly_one_cm":5820}},"DataVersion":3465}