{"stats":{"minecraft:picked_up":{"minecraft:flint_and_steel":1,"minecraft:oak_log":1,"minecraft:obsidian":64},"minecraft:mined":{"minecraft:oak_log":1,"minecraft:oak_leaves":2},"minecraft:used":{"minecraft:oak_planks":4,"minecraft:flint_and_steel":4,"minecraft:obsidian":64},"minecraft:custom":{"minecraft:jump":56,"minecraft:time_since_rest":3983,"minecraft:leave_game":1,"minecraft:crouch_one_cm":1359,"minecraft:sprint_one_cm":2771,"minecraft:play_time":3983,"minecraft:damage_taken":110,"minecraft:time_since_death":3983,"minecraft:walk_one_cm":5244,"minecraft:sneak_time":350,"minecraft:total_world_time":3983,"minecraft:fall_one_cm":3760,"minecraft:fly_one_cm":3114},"minecraft:crafted":{"minecraft:oak_planks":4}},"DataVersion":3465}