{"stats":{"minecraft:crafted":{"minecraft:oak_planks":16,"minecraft:crafting_table":1},"minecraft:used":{"minecraft:wooden_sword":20,"minecraft:crafting_table":1},"minecraft:custom":{"minecraft:time_since_rest":16224,"minecraft:crouch_one_cm":170,"minecraft:play_time":16224,"minecraft:sprint_one_cm":24705,"minecraft:damage_taken":130,"minecraft:walk_one_cm":12871,"minecraft:sneak_time":421,"minecraft:mob_kills":4,"minecraft:drop":1,"minecraft:jump":282,"minecraft:damage_dealt":827,"minecraft:leave_game":1,"minecraft:time_since_death":16224,"minecraft:total_world_time":16224,"minecraft:climb_one_cm":93,"minecraft:interact_with_crafting_table":4,"minecraft:fall_one_cm":9236,"minecraft:fly_one_cm":208389,"minecraft:player_kills":1},"minecraft:picked_up":{"minecraft:bone":2,"minecraft:arrow":3,"minecraft:oak_log":6,"minecraft:gunpowder":2,"minecraft:oak_sapling":1},"minecraft:killed":{"minecraft:skeleton":4},"minecraft:mined":{"minecraft:oak_log":5,"minecraft:oak_leaves":2},"minecraft:dropped":{"minecraft:oak_sapling":1}},"DataVersion":3465}