{"stats":{"minecraft:crafted":{"minecraft:oak_planks":16,"minecraft:crafting_table":1},"minecraft:used":{"minecraft:wooden_sword":20,"minecraft:crafting_table":1},"minecraft:custom":{"minecraft:time_since_rest":10963,"minecraft:deaths":1,"minecraft:crouch_one_cm":200,"minecraft:damage_taken":405,"minecraft:sprint_one_cm":63104,"minecraft:play_time":28212,"minecraft:walk_one_cm":21110,"minecraft:sneak_time":682,"minecraft:mob_kills":4,"minecraft:drop":4,"minecraft:jump":670,"minecraft:damage_dealt":827,"minecraft:leave_game":1,"minecraft:time_since_death":10834,"minecraft:climb_one_cm":93,"minecraft:total_world_time":28212,"minecraft:interact_with_crafting_table":4,"minecraft:fall_one_cm":10937,"minecraft:fly_one_cm":535763,"minecraft:player_kills":1},"minecraft:picked_up":{"minecraft:birch_log":2,"minecraft:arrow":3,"minecraft:bone":2,"minecraft:oak_log":6,"minecraft:poppy":2,"minecraft:gunpowder":2,"minecraft:oak_sapling":3},"minecraft:killed":{"minecraft:skeleton":4},"minecraft:mined":{"minecraft:oak_log":5,"minecraft:birch_log":2,"minecraft:birch_leaves":1,"minecraft:oak_leaves":2},"minecraft:killed_by":{"minecraft:creeper":1},"minecraft:dropped":{"minecraft:poppy":1,"minecraft:cooked_beef":64,"minecraft:oak_sapling":2}},"DataVersion":3465}