{"stats":{"minecraft:killed_by":{"minecraft:skeleton":1,"minecraft:creeper":1},"minecraft:killed":{"minecraft:skeleton":5},"minecraft:picked_up":{"minecraft:birch_log":2,"minecraft:netherite_boots":1,"minecraft:jungle_fence":64,"minecraft:oak_log":6,"minecraft:shield":1,"minecraft:gunpowder":2,"minecraft:netherite_leggings":1,"minecraft:flint_and_steel":1,"minecraft:arrow":3,"minecraft:bone":2,"minecraft:netherite_helmet":1,"minecraft:netherite_sword":1,"minecraft:poppy":2,"minecraft:netherite_chestplate":1,"minecraft:oak_sapling":3,"minecraft:obsidian":64},"minecraft:mined":{"minecraft:birch_log":2,"minecraft:birch_leaves":1,"minecraft:grass":11,"minecraft:oak_log":5,"minecraft:oak_leaves":6},"minecraft:used":{"minecraft:netherite_sword":18,"minecraft:flint_and_steel":3,"minecraft:shield":1,"minecraft:wooden_sword":20,"minecraft:crafting_table":1,"minecraft:obsidian":46},"minecraft:dropped":{"minecraft:poppy":1,"minecraft:shield":1,"minecraft:cooked_beef":64,"minecraft:obsidian":64,"minecraft:netherite_chestplate":1,"minecraft:netherite_sword":1,"minecraft:netherite_boots":1,"minecraft:oak_sapling":2,"minecraft:netherite_axe":1,"minecraft:netherite_helmet":1,"minecraft:netherite_leggings":1,"minecraft:flint_and_steel":1},"minecraft:custom":{"minecraft:time_since_rest":5513,"minecraft:sprint_one_cm":133871,"minecraft:walk_one_cm":42783,"minecraft:damage_taken":598,"minecraft:damage_blocked_by_shield":74,"minecraft:mob_kills":5,"minecraft:drop":13,"minecraft:damage_dealt":1793,"minecraft:interact_with_crafting_table":4,"minecraft:fly_one_cm":798024,"minecraft:player_kills":4,"minecraft:crouch_one_cm":1067,"minecraft:play_time":59055,"minecraft:deaths":2,"minecraft:sneak_time":1013,"minecraft:jump":1379,"minecraft:leave_game":4,"minecraft:time_since_death":5487,"minecraft:climb_one_cm":105,"minecraft:total_world_time":59055,"minecraft:fall_one_cm":12460},"minecraft:crafted":{"minecraft:oak_planks":16,"minecraft:crafting_table":1}},"DataVersion":3465}