{"stats":{"minecraft:crafted":{"minecraft:oak_planks":16,"minecraft:crafting_table":1},"minecraft:used":{"minecraft:netherite_sword":6,"minecraft:wooden_sword":20,"minecraft:crafting_table":1},"minecraft:custom":{"minecraft:time_since_rest":22963,"minecraft:deaths":1,"minecraft:crouch_one_cm":200,"minecraft:damage_taken":405,"minecraft:sprint_one_cm":116704,"minecraft:play_time":40212,"minecraft:walk_one_cm":26298,"minecraft:sneak_time":727,"minecraft:mob_kills":5,"minecraft:drop":11,"minecraft:jump":1228,"minecraft:damage_dealt":1549,"minecraft:leave_game":1,"minecraft:time_since_death":22834,"minecraft:climb_one_cm":93,"minecraft:total_world_time":40212,"minecraft:interact_with_crafting_table":4,"minecraft:fall_one_cm":10937,"minecraft:fly_one_cm":698922,"minecraft:player_kills":3},"minecraft:picked_up":{"minecraft:birch_log":2,"minecraft:arrow":3,"minecraft:bone":2,"minecraft:oak_log":6,"minecraft:poppy":2,"minecraft:gunpowder":2,"minecraft:oak_sapling":3},"minecraft:killed":{"minecraft:skeleton":5},"minecraft:mined":{"minecraft:oak_log":5,"minecraft:birch_log":2,"minecraft:birch_leaves":1,"minecraft:oak_leaves":2},"minecraft:killed_by":{"minecraft:creeper":1},"minecraft:dropped":{"minecraft:poppy":1,"minecraft:shield":1,"minecraft:cooked_beef":64,"minecraft:netherite_axe":1,"minecraft:netherite_sword":1,"minecraft:netherite_chestplate":1,"minecraft:netherite_helmet":1,"minecraft:netherite_boots":1,"minecraft:netherite_leggings":1,"minecraft:oak_sapling":2}},"DataVersion":3465}