{"stats":{"minecraft:custom":{"minecraft:jump":232,"minecraft:time_since_rest":1716,"minecraft:leave_game":1,"minecraft:damage_dealt":102,"minecraft:crouch_one_cm":381,"minecraft:deaths":2,"minecraft:sprint_one_cm":28250,"minecraft:play_time":5364,"minecraft:damage_taken":697,"minecraft:time_since_death":1639,"minecraft:walk_one_cm":7392,"minecraft:sneak_time":118,"minecraft:climb_one_cm":48,"minecraft:total_world_time":5364,"minecraft:drop":1,"minecraft:fall_one_cm":11107,"minecraft:fly_one_cm":47306},"minecraft:picked_up":{"minecraft:stick":1,"minecraft:arrow":1},"minecraft:mined":{"minecraft:oak_leaves":4},"minecraft:killed_by":{"minecraft:player":1},"minecraft:dropped":{"minecraft:stick":1}},"DataVersion":3465}