{"stats":{"minecraft:used":{"minecraft:dirt":4,"minecraft:cooked_beef":4},"minecraft:custom":{"minecraft:time_since_rest":12007,"minecraft:crouch_one_cm":1940,"minecraft:sprint_one_cm":63429,"minecraft:play_time":15655,"minecraft:deaths":2,"minecraft:damage_taken":787,"minecraft:walk_one_cm":26022,"minecraft:sneak_time":538,"minecraft:drop":7,"minecraft:jump":658,"minecraft:damage_dealt":102,"minecraft:leave_game":1,"minecraft:time_since_death":11930,"minecraft:climb_one_cm":48,"minecraft:total_world_time":15655,"minecraft:fall_one_cm":29598,"minecraft:fly_one_cm":104498},"minecraft:picked_up":{"minecraft:cooked_beef":64,"minecraft:stick":1,"minecraft:arrow":1,"minecraft:poppy":3,"minecraft:oak_sapling":3,"minecraft:dirt":4},"minecraft:mined":{"minecraft:poppy":1,"minecraft:grass_block":4,"minecraft:birch_leaves":5,"minecraft:oak_leaves":19},"minecraft:killed_by":{"minecraft:player":1},"minecraft:dropped":{"minecraft:poppy":3,"minecraft:oak_sapling":3,"minecraft:stick":1}},"DataVersion":3465}