{"stats":{"minecraft:used":{"minecraft:dirt":4,"minecraft:shield":2,"minecraft:cooked_beef":8,"minecraft:netherite_sword":7},"minecraft:custom":{"minecraft:time_since_rest":1618,"minecraft:crouch_one_cm":2077,"minecraft:sprint_one_cm":131820,"minecraft:play_time":31219,"minecraft:deaths":7,"minecraft:damage_taken":2352,"minecraft:walk_one_cm":36625,"minecraft:damage_blocked_by_shield":160,"minecraft:sneak_time":611,"minecraft:drop":7,"minecraft:jump":1386,"minecraft:damage_dealt":275,"minecraft:leave_game":2,"minecraft:time_since_death":0,"minecraft:climb_one_cm":48,"minecraft:total_world_time":31219,"minecraft:fall_one_cm":72265,"minecraft:fly_one_cm":234902},"minecraft:picked_up":{"minecraft:netherite_boots":1,"minecraft:cooked_beef":64,"minecraft:stick":1,"minecraft:arrow":3,"minecraft:netherite_helmet":1,"minecraft:netherite_sword":1,"minecraft:shield":1,"minecraft:netherite_axe":1,"minecraft:netherite_chestplate":1,"minecraft:poppy":3,"minecraft:oak_sapling":3,"minecraft:netherite_leggings":1,"minecraft:dirt":4},"minecraft:mined":{"minecraft:grass":1,"minecraft:poppy":1,"minecraft:grass_block":4,"minecraft:birch_leaves":9,"minecraft:oak_leaves":25},"minecraft:killed_by":{"minecraft:creeper":1,"minecraft:zombie":1,"minecraft:player":4},"minecraft:dropped":{"minecraft:poppy":3,"minecraft:oak_sapling":3,"minecraft:stick":1}},"DataVersion":3465}