{"stats":{"minecraft:picked_up":{"minecraft:crafting_table":6,"minecraft:clay_ball":4,"minecraft:jungle_log":6,"minecraft:leather":10,"minecraft:oak_log":19,"minecraft:yellow_bed":1,"minecraft:shield":1,"minecraft:dirt":14,"minecraft:string":3,"minecraft:moss_carpet":2,"minecraft:bone":2,"minecraft:oak_sign":2,"minecraft:wheat_seeds":1,"minecraft:cobbled_deepslate":16,"minecraft:iron_ingot":3,"minecraft:beef":2,"minecraft:azalea":2,"minecraft:poppy":3,"minecraft:iron_pickaxe":1,"minecraft:melon_slice":50,"minecraft:moss_block":2,"minecraft:sugar_cane":12,"minecraft:flowering_azalea":2,"minecraft:furnace":2,"minecraft:stick":53,"minecraft:raw_iron":14,"minecraft:dandelion":4,"minecraft:jungle_planks":2,"minecraft:porkchop":14,"minecraft:white_bed":1,"minecraft:redstone":18,"minecraft:trapped_chest":2,"minecraft:arrow":5,"minecraft:diamond":36,"minecraft:granite":7,"minecraft:obsidian":10,"minecraft:mutton":4,"minecraft:coal":35,"minecraft:white_wool":2,"minecraft:cobblestone":67},"minecraft:killed":{"minecraft:pig":10,"minecraft:spider":2,"minecraft:creeper":1,"minecraft:skeleton":3,"minecraft:sheep":2,"minecraft:zombie":7,"minecraft:drowned":1},"minecraft:custom":{"minecraft:interact_with_furnace":16,"minecraft:mob_kills":26,"minecraft:interact_with_crafting_table":12,"minecraft:leave_game":2,"minecraft:time_since_death":57138,"minecraft:climb_one_cm":6257,"minecraft:time_since_rest":57138,"minecraft:sprint_one_cm":180210,"minecraft:damage_taken":701,"minecraft:walk_one_cm":72076,"minecraft:damage_blocked_by_shield":80,"minecraft:trigger_trapped_chest":1,"minecraft:drop":20,"minecraft:damage_dealt":3993,"minecraft:swim_one_cm":18453,"minecraft:fly_one_cm":242251,"minecraft:crouch_one_cm":16231,"minecraft:play_time":57138,"minecraft:sneak_time":5102,"minecraft:walk_under_water_one_cm":5515,"minecraft:jump":1518,"minecraft:walk_on_water_one_cm":3951,"minecraft:total_world_time":57138,"minecraft:fall_one_cm":44514},"minecraft:crafted":{"minecraft:wooden_sword":1,"minecraft:oak_planks":76,"minecraft:diamond_sword":1,"minecraft:cooked_porkchop":12,"minecraft:diamond_axe":1,"minecraft:crafting_table":2,"minecraft:wooden_pickaxe":1,"minecraft:furnace":1,"minecraft:bucket":2,"minecraft:air":0,"minecraft:jungle_planks":20,"minecraft:diamond_helmet":1,"minecraft:diamond_leggings":1,"minecraft:diamond_pickaxe":1,"minecraft:stick":32,"minecraft:iron_ingot":6,"minecraft:iron_pickaxe":1,"minecraft:stone_pickaxe":1,"minecraft:wooden_axe":1,"minecraft:diamond_boots":1,"minecraft:diamond_chestplate":1},"minecraft:used":{"minecraft:moss_block":2,"minecraft:water_bucket":9,"minecraft:stone_pickaxe":3,"minecraft:oak_planks":21,"minecraft:shield":3,"minecraft:wooden_pickaxe":11,"minecraft:diamond_axe":36,"minecraft:dirt":11,"minecraft:crafting_table":8,"minecraft:jungle_planks":18,"minecraft:white_bed":1,"minecraft:granite":7,"minecraft:obsidian":10,"minecraft:wooden_axe":15,"minecraft:diamond_pickaxe":53,"minecraft:iron_pickaxe":103,"minecraft:jungle_log":1,"minecraft:diamond_sword":90,"minecraft:wooden_sword":19,"minecraft:cobblestone":48,"minecraft:cooked_porkchop":4,"minecraft:furnace":3,"minecraft:porkchop":2,"minecraft:bucket":11,"minecraft:cobbled_deepslate":16},"minecraft:dropped":{"minecraft:moss_carpet":1,"minecraft:sugar_cane":12,"minecraft:wheat_seeds":1,"minecraft:diamond":68,"minecraft:cooked_porkchop":8,"minecraft:cobblestone":1,"minecraft:leather":5,"minecraft:poppy":3,"minecraft:dirt":3,"minecraft:azalea":2,"minecraft:flowering_azalea":2,"minecraft:string":1,"minecraft:white_wool":2,"minecraft:redstone":9,"minecraft:dandelion":4},"minecraft:mined":{"minecraft:deepslate_redstone_ore":2,"minecraft:flowering_azalea":1,"minecraft:deepslate_diamond_ore":2,"minecraft:jungle_leaves":1,"minecraft:dandelion":2,"minecraft:obsidian":10,"minecraft:crafting_table":5,"minecraft:clay":1,"minecraft:granite":7,"minecraft:grass_block":5,"minecraft:poppy":5,"minecraft:melon":10,"minecraft:jungle_planks":2,"minecraft:jungle_log":6,"minecraft:tall_grass":1,"minecraft:moss_block":2,"minecraft:trapped_chest":2,"minecraft:furnace":1,"minecraft:grass":25,"minecraft:oak_log":19,"minecraft:coal_ore":30,"minecraft:vine":5,"minecraft:deepslate_iron_ore":10,"minecraft:oak_sign":2,"minecraft:dirt":9,"minecraft:azalea":1,"minecraft:stone":73,"minecraft:oak_leaves":17,"minecraft:fern":10,"minecraft:deepslate":16}},"DataVersion":3465}