{"stats":{"minecraft:picked_up":{"minecraft:raw_iron":10,"minecraft:crafting_table":4,"minecraft:oak_log":9,"minecraft:redstone":9,"minecraft:string":1,"minecraft:dirt":1,"minecraft:diamond":2,"minecraft:cobbled_deepslate":8,"minecraft:azalea":2,"minecraft:moss_block":1,"minecraft:cobblestone":11},"minecraft:killed":{"minecraft:zombie":2,"minecraft:spider":1},"minecraft:custom":{"minecraft:time_since_rest":15138,"minecraft:interact_with_furnace":5,"minecraft:sprint_one_cm":44915,"minecraft:damage_taken":370,"minecraft:walk_one_cm":20119,"minecraft:mob_kills":3,"minecraft:drop":2,"minecraft:damage_dealt":678,"minecraft:interact_with_crafting_table":6,"minecraft:fly_one_cm":75771,"minecraft:crouch_one_cm":6263,"minecraft:play_time":15138,"minecraft:sneak_time":1432,"minecraft:jump":374,"minecraft:leave_game":2,"minecraft:time_since_death":15138,"minecraft:walk_on_water_one_cm":695,"minecraft:total_world_time":15138,"minecraft:climb_one_cm":1504,"minecraft:fall_one_cm":18155},"minecraft:crafted":{"minecraft:wooden_sword":1,"minecraft:oak_planks":36,"minecraft:crafting_table":1,"minecraft:stick":12,"minecraft:iron_pickaxe":1,"minecraft:iron_ingot":3,"minecraft:wooden_pickaxe":1,"minecraft:stone_pickaxe":1,"minecraft:wooden_axe":1,"minecraft:furnace":1,"minecraft:air":0},"minecraft:used":{"minecraft:wooden_axe":11,"minecraft:stone_pickaxe":3,"minecraft:iron_pickaxe":20,"minecraft:oak_planks":14,"minecraft:wooden_pickaxe":11,"minecraft:wooden_sword":17,"minecraft:dirt":1,"minecraft:crafting_table":4,"minecraft:furnace":1},"minecraft:dropped":{"minecraft:azalea":2},"minecraft:mined":{"minecraft:deepslate_redstone_ore":2,"minecraft:deepslate_diamond_ore":2,"minecraft:jungle_leaves":1,"minecraft:crafting_table":4,"minecraft:grass":1,"minecraft:grass_block":1,"minecraft:oak_log":9,"minecraft:deepslate_iron_ore":10,"minecraft:vine":1,"minecraft:tall_grass":1,"minecraft:azalea":1,"minecraft:stone":11,"minecraft:moss_block":1,"minecraft:oak_leaves":6,"minecraft:deepslate":8,"minecraft:fern":3}},"DataVersion":3465}