{"stats":{"minecraft:picked_up":{"minecraft:crafting_table":2,"minecraft:oak_log":9,"minecraft:dirt":1},"minecraft:killed":{"minecraft:zombie":1},"minecraft:custom":{"minecraft:time_since_rest":7069,"minecraft:sprint_one_cm":29227,"minecraft:crouch_one_cm":2237,"minecraft:play_time":7069,"minecraft:damage_taken":290,"minecraft:walk_one_cm":11041,"minecraft:sneak_time":431,"minecraft:mob_kills":1,"minecraft:jump":188,"minecraft:damage_dealt":339,"minecraft:walk_on_water_one_cm":145,"minecraft:leave_game":1,"minecraft:time_since_death":7069,"minecraft:climb_one_cm":1266,"minecraft:total_world_time":7069,"minecraft:fall_one_cm":8655,"minecraft:interact_with_crafting_table":2,"minecraft:fly_one_cm":38532},"minecraft:crafted":{"minecraft:wooden_sword":1,"minecraft:oak_planks":36,"minecraft:crafting_table":1,"minecraft:stick":8,"minecraft:wooden_pickaxe":1,"minecraft:wooden_axe":1},"minecraft:used":{"minecraft:wooden_axe":7,"minecraft:dirt":1,"minecraft:wooden_sword":10,"minecraft:crafting_table":2,"minecraft:oak_planks":14},"minecraft:mined":{"minecraft:grass_block":1,"minecraft:grass":1,"minecraft:oak_log":9,"minecraft:vine":1,"minecraft:jungle_leaves":1,"minecraft:oak_leaves":6,"minecraft:fern":3,"minecraft:crafting_table":2}},"DataVersion":3465}