{"stats":{"minecraft:picked_up":{"minecraft:crafting_table":6,"minecraft:clay_ball":4,"minecraft:leather":5,"minecraft:oak_log":19,"minecraft:yellow_bed":1,"minecraft:shield":1,"minecraft:dirt":11,"minecraft:string":1,"minecraft:moss_carpet":1,"minecraft:oak_sign":2,"minecraft:cobbled_deepslate":16,"minecraft:beef":2,"minecraft:azalea":2,"minecraft:poppy":3,"minecraft:iron_pickaxe":1,"minecraft:moss_block":2,"minecraft:sugar_cane":6,"minecraft:flowering_azalea":1,"minecraft:furnace":1,"minecraft:stick":53,"minecraft:raw_iron":10,"minecraft:dandelion":2,"minecraft:porkchop":14,"minecraft:white_bed":1,"minecraft:redstone":9,"minecraft:trapped_chest":2,"minecraft:diamond":36,"minecraft:granite":7,"minecraft:mutton":4,"minecraft:coal":7,"minecraft:white_wool":2,"minecraft:cobblestone":57},"minecraft:killed":{"minecraft:pig":7,"minecraft:spider":1,"minecraft:sheep":2,"minecraft:zombie":2},"minecraft:custom":{"minecraft:interact_with_furnace":9,"minecraft:mob_kills":12,"minecraft:interact_with_crafting_table":10,"minecraft:leave_game":2,"minecraft:time_since_death":33138,"minecraft:climb_one_cm":6257,"minecraft:time_since_rest":33138,"minecraft:sprint_one_cm":115306,"minecraft:damage_taken":548,"minecraft:walk_one_cm":36941,"minecraft:trigger_trapped_chest":1,"minecraft:drop":4,"minecraft:damage_dealt":1606,"minecraft:swim_one_cm":18453,"minecraft:fly_one_cm":162720,"minecraft:crouch_one_cm":9324,"minecraft:play_time":33138,"minecraft:sneak_time":2412,"minecraft:walk_under_water_one_cm":5164,"minecraft:jump":1021,"minecraft:walk_on_water_one_cm":2611,"minecraft:total_world_time":33138,"minecraft:fall_one_cm":32972},"minecraft:crafted":{"minecraft:wooden_sword":1,"minecraft:oak_planks":76,"minecraft:diamond_sword":1,"minecraft:cooked_porkchop":2,"minecraft:diamond_axe":1,"minecraft:crafting_table":1,"minecraft:wooden_pickaxe":1,"minecraft:furnace":1,"minecraft:air":0,"minecraft:diamond_helmet":1,"minecraft:diamond_leggings":1,"minecraft:diamond_pickaxe":1,"minecraft:stick":32,"minecraft:iron_ingot":3,"minecraft:iron_pickaxe":1,"minecraft:stone_pickaxe":1,"minecraft:wooden_axe":1,"minecraft:diamond_boots":1,"minecraft:diamond_chestplate":1},"minecraft:used":{"minecraft:moss_block":2,"minecraft:stone_pickaxe":3,"minecraft:oak_planks":21,"minecraft:wooden_pickaxe":11,"minecraft:diamond_axe":12,"minecraft:dirt":8,"minecraft:crafting_table":5,"minecraft:granite":7,"minecraft:wooden_axe":15,"minecraft:diamond_pickaxe":1,"minecraft:iron_pickaxe":103,"minecraft:diamond_sword":15,"minecraft:wooden_sword":19,"minecraft:cobblestone":46,"minecraft:cooked_porkchop":1,"minecraft:furnace":2,"minecraft:porkchop":2,"minecraft:cobbled_deepslate":16},"minecraft:dropped":{"minecraft:diamond":68,"minecraft:azalea":2},"minecraft:mined":{"minecraft:deepslate_redstone_ore":2,"minecraft:flowering_azalea":1,"minecraft:deepslate_diamond_ore":2,"minecraft:jungle_leaves":1,"minecraft:dandelion":2,"minecraft:crafting_table":5,"minecraft:clay":1,"minecraft:granite":7,"minecraft:grass_block":3,"minecraft:poppy":5,"minecraft:tall_grass":1,"minecraft:moss_block":2,"minecraft:trapped_chest":2,"minecraft:grass":3,"minecraft:oak_log":19,"minecraft:coal_ore":7,"minecraft:vine":1,"minecraft:deepslate_iron_ore":10,"minecraft:oak_sign":2,"minecraft:dirt":8,"minecraft:azalea":1,"minecraft:stone":57,"minecraft:oak_leaves":8,"minecraft:fern":3,"minecraft:deepslate":16}},"DataVersion":3465}