{"stats":{"minecraft:picked_up":{"minecraft:crafting_table":4,"minecraft:raw_iron":10,"minecraft:clay_ball":4,"minecraft:porkchop":2,"minecraft:oak_log":9,"minecraft:moss_carpet":1,"minecraft:redstone":9,"minecraft:string":1,"minecraft:dirt":6,"minecraft:diamond":2,"minecraft:cobbled_deepslate":16,"minecraft:granite":7,"minecraft:azalea":2,"minecraft:moss_block":2,"minecraft:coal":7,"minecraft:flowering_azalea":1,"minecraft:cobblestone":57},"minecraft:killed":{"minecraft:zombie":2,"minecraft:pig":1,"minecraft:spider":1},"minecraft:custom":{"minecraft:time_since_rest":21138,"minecraft:interact_with_furnace":5,"minecraft:sprint_one_cm":55756,"minecraft:damage_taken":370,"minecraft:walk_one_cm":24001,"minecraft:mob_kills":4,"minecraft:drop":2,"minecraft:damage_dealt":778,"minecraft:interact_with_crafting_table":6,"minecraft:fly_one_cm":98462,"minecraft:crouch_one_cm":7093,"minecraft:play_time":21138,"minecraft:sneak_time":1884,"minecraft:jump":585,"minecraft:leave_game":2,"minecraft:walk_on_water_one_cm":695,"minecraft:time_since_death":21138,"minecraft:climb_one_cm":3002,"minecraft:total_world_time":21138,"minecraft:fall_one_cm":22927},"minecraft:crafted":{"minecraft:wooden_sword":1,"minecraft:oak_planks":36,"minecraft:crafting_table":1,"minecraft:stick":12,"minecraft:wooden_pickaxe":1,"minecraft:iron_pickaxe":1,"minecraft:iron_ingot":3,"minecraft:stone_pickaxe":1,"minecraft:wooden_axe":1,"minecraft:furnace":1,"minecraft:air":0},"minecraft:used":{"minecraft:moss_block":2,"minecraft:wooden_axe":11,"minecraft:stone_pickaxe":3,"minecraft:oak_planks":14,"minecraft:iron_pickaxe":96,"minecraft:wooden_pickaxe":11,"minecraft:wooden_sword":19,"minecraft:dirt":6,"minecraft:cobblestone":46,"minecraft:crafting_table":4,"minecraft:furnace":1,"minecraft:granite":7,"minecraft:cobbled_deepslate":16},"minecraft:dropped":{"minecraft:azalea":2},"minecraft:mined":{"minecraft:deepslate_redstone_ore":2,"minecraft:flowering_azalea":1,"minecraft:deepslate_diamond_ore":2,"minecraft:jungle_leaves":1,"minecraft:clay":1,"minecraft:crafting_table":4,"minecraft:granite":7,"minecraft:grass":1,"minecraft:coal_ore":7,"minecraft:grass_block":2,"minecraft:oak_log":9,"minecraft:deepslate_iron_ore":10,"minecraft:vine":1,"minecraft:dirt":4,"minecraft:tall_grass":1,"minecraft:azalea":1,"minecraft:stone":57,"minecraft:moss_block":2,"minecraft:oak_leaves":6,"minecraft:deepslate":16,"minecraft:fern":3}},"DataVersion":3465}