{"stats":{"minecraft:picked_up":{"minecraft:crafting_table":4,"minecraft:feather":5,"minecraft:chicken":6,"minecraft:salmon":2,"minecraft:oak_log":33,"minecraft:gunpowder":1,"minecraft:dirt":21,"minecraft:bone":5,"minecraft:bow":1,"minecraft:wheat_seeds":1,"minecraft:melon_slice":131,"minecraft:chest":2,"minecraft:furnace":2,"minecraft:raw_iron":26,"minecraft:porkchop":3,"minecraft:white_bed":1,"minecraft:mossy_cobblestone":1,"minecraft:arrow":2,"minecraft:rotten_flesh":4,"minecraft:mutton":4,"minecraft:coal":94,"minecraft:white_wool":3,"minecraft:cobblestone":54},"minecraft:killed":{"minecraft:pig":3,"minecraft:spider":1,"minecraft:creeper":1,"minecraft:sheep":3,"minecraft:skeleton":3,"minecraft:zombie":5,"minecraft:chicken":6,"minecraft:drowned":1},"minecraft:custom":{"minecraft:interact_with_furnace":31,"minecraft:mob_kills":23,"minecraft:interact_with_crafting_table":9,"minecraft:time_since_death":46700,"minecraft:climb_one_cm":2552,"minecraft:time_since_rest":46731,"minecraft:sprint_one_cm":108283,"minecraft:damage_taken":747,"minecraft:walk_one_cm":68597,"minecraft:drop":11,"minecraft:damage_dealt":3005,"minecraft:swim_one_cm":3770,"minecraft:fly_one_cm":108643,"minecraft:open_chest":2,"minecraft:crouch_one_cm":7183,"minecraft:play_time":48000,"minecraft:sneak_time":2466,"minecraft:deaths":1,"minecraft:walk_under_water_one_cm":2105,"minecraft:jump":632,"minecraft:walk_on_water_one_cm":3679,"minecraft:total_world_time":48000,"minecraft:fall_one_cm":15952},"minecraft:crafted":{"minecraft:oak_planks":132,"minecraft:cooked_porkchop":3,"minecraft:crafting_table":1,"minecraft:wooden_pickaxe":1,"minecraft:cooked_chicken":6,"minecraft:furnace":2,"minecraft:cooked_salmon":2,"minecraft:bucket":1,"minecraft:stone_axe":1,"minecraft:cooked_mutton":4,"minecraft:air":0,"minecraft:shield":1,"minecraft:iron_axe":1,"minecraft:stick":24,"minecraft:iron_ingot":21,"minecraft:stone_pickaxe":1,"minecraft:iron_pickaxe":1,"minecraft:white_bed":1,"minecraft:torch":24},"minecraft:used":{"minecraft:stone_pickaxe":106,"minecraft:wooden_pickaxe":3,"minecraft:iron_sword":46,"minecraft:rotten_flesh":1,"minecraft:iron_chestplate":1,"minecraft:torch":15,"minecraft:dirt":8,"minecraft:crafting_table":3,"minecraft:white_bed":1,"minecraft:iron_axe":2,"minecraft:melon_slice":34,"minecraft:iron_pickaxe":67,"minecraft:stone_axe":86,"minecraft:cobblestone":5,"minecraft:bow":3,"minecraft:furnace":2,"minecraft:bucket":1},"minecraft:mined":{"minecraft:white_bed":1,"minecraft:crafting_table":4,"minecraft:grass_block":4,"minecraft:melon":27,"minecraft:chest":2,"minecraft:furnace":2,"minecraft:iron_ore":26,"minecraft:grass":20,"minecraft:coal_ore":94,"minecraft:oak_log":33,"minecraft:dirt":5,"minecraft:stone":54,"minecraft:oak_leaves":2,"minecraft:fern":2},"minecraft:dropped":{"minecraft:stone_axe":1,"minecraft:wheat_seeds":1,"minecraft:mossy_cobblestone":1,"minecraft:feather":5,"minecraft:rotten_flesh":3,"minecraft:gunpowder":1,"minecraft:stone_pickaxe":1,"minecraft:wooden_pickaxe":1},"minecraft:killed_by":{"minecraft:zombie":1}},"DataVersion":3465}