{"stats":{"minecraft:picked_up":{"minecraft:crafting_table":2,"minecraft:raw_iron":21,"minecraft:feather":5,"minecraft:chicken":6,"minecraft:salmon":2,"minecraft:porkchop":3,"minecraft:oak_log":33,"minecraft:gunpowder":1,"minecraft:arrow":2,"minecraft:mossy_cobblestone":1,"minecraft:dirt":21,"minecraft:bone":5,"minecraft:rotten_flesh":3,"minecraft:bow":1,"minecraft:wheat_seeds":1,"minecraft:melon_slice":131,"minecraft:chest":2,"minecraft:mutton":4,"minecraft:coal":8,"minecraft:white_wool":3,"minecraft:cobblestone":38},"minecraft:killed":{"minecraft:skeleton":3,"minecraft:sheep":3,"minecraft:pig":3,"minecraft:zombie":4,"minecraft:chicken":6,"minecraft:spider":1,"minecraft:drowned":1,"minecraft:creeper":1},"minecraft:custom":{"minecraft:time_since_rest":34731,"minecraft:sprint_one_cm":82739,"minecraft:damage_taken":717,"minecraft:walk_one_cm":52248,"minecraft:mob_kills":22,"minecraft:drop":8,"minecraft:damage_dealt":2825,"minecraft:swim_one_cm":3770,"minecraft:interact_with_crafting_table":3,"minecraft:fly_one_cm":93009,"minecraft:open_chest":2,"minecraft:crouch_one_cm":4761,"minecraft:play_time":36000,"minecraft:deaths":1,"minecraft:sneak_time":1652,"minecraft:walk_under_water_one_cm":48,"minecraft:jump":521,"minecraft:walk_on_water_one_cm":1060,"minecraft:time_since_death":34700,"minecraft:total_world_time":36000,"minecraft:climb_one_cm":2086,"minecraft:fall_one_cm":13515},"minecraft:crafted":{"minecraft:oak_planks":132,"minecraft:crafting_table":1,"minecraft:stick":12,"minecraft:wooden_pickaxe":1,"minecraft:stone_pickaxe":1,"minecraft:torch":8,"minecraft:stone_axe":1},"minecraft:used":{"minecraft:melon_slice":31,"minecraft:stone_pickaxe":62,"minecraft:wooden_pickaxe":3,"minecraft:iron_sword":42,"minecraft:iron_chestplate":1,"minecraft:stone_axe":86,"minecraft:torch":5,"minecraft:dirt":8,"minecraft:bow":3,"minecraft:crafting_table":1},"minecraft:mined":{"minecraft:iron_ore":21,"minecraft:crafting_table":2,"minecraft:grass":20,"minecraft:oak_log":33,"minecraft:grass_block":4,"minecraft:coal_ore":8,"minecraft:chest":2,"minecraft:melon":27,"minecraft:dirt":5,"minecraft:stone":36,"minecraft:oak_leaves":2,"minecraft:fern":2},"minecraft:dropped":{"minecraft:wheat_seeds":1,"minecraft:gunpowder":1,"minecraft:mossy_cobblestone":1,"minecraft:feather":5,"minecraft:wooden_pickaxe":1},"minecraft:killed_by":{"minecraft:zombie":1}},"DataVersion":3465}