{"stats":{"minecraft:picked_up":{"minecraft:raw_iron":17,"minecraft:crafting_table":1,"minecraft:oak_log":28,"minecraft:coal":8,"minecraft:dirt":21,"minecraft:cobblestone":37},"minecraft:custom":{"minecraft:time_since_rest":22731,"minecraft:crouch_one_cm":2926,"minecraft:walk_one_cm":18039,"minecraft:play_time":24000,"minecraft:sprint_one_cm":22319,"minecraft:damage_taken":300,"minecraft:deaths":1,"minecraft:sneak_time":1261,"minecraft:drop":1,"minecraft:jump":127,"minecraft:damage_dealt":191,"minecraft:time_since_death":22700,"minecraft:total_world_time":24000,"minecraft:interact_with_crafting_table":3,"minecraft:fall_one_cm":1372,"minecraft:fly_one_cm":10420},"minecraft:crafted":{"minecraft:oak_planks":112,"minecraft:torch":8,"minecraft:stone_axe":1,"minecraft:crafting_table":1,"minecraft:stick":12,"minecraft:wooden_pickaxe":1,"minecraft:stone_pickaxe":1},"minecraft:used":{"minecraft:torch":5,"minecraft:stone_axe":25,"minecraft:dirt":8,"minecraft:crafting_table":1,"minecraft:stone_pickaxe":57,"minecraft:wooden_pickaxe":3},"minecraft:dropped":{"minecraft:wooden_pickaxe":1},"minecraft:mined":{"minecraft:coal_ore":8,"minecraft:grass_block":4,"minecraft:oak_log":28,"minecraft:dirt":5,"minecraft:iron_ore":17,"minecraft:stone":35,"minecraft:crafting_table":1},"minecraft:killed_by":{"minecraft:zombie":1}},"DataVersion":3465}