{"stats":{"minecraft:broken":{"minecraft:iron_pickaxe":1},"minecraft:picked_up":{"minecraft:crafting_table":4,"minecraft:feather":5,"minecraft:chicken":6,"minecraft:salmon":2,"minecraft:oak_log":33,"minecraft:gunpowder":5,"minecraft:lapis_lazuli":5,"minecraft:dirt":22,"minecraft:raw_copper":4,"minecraft:bone":6,"minecraft:bow":1,"minecraft:wheat_seeds":1,"minecraft:melon_slice":131,"minecraft:chest":2,"minecraft:furnace":2,"minecraft:raw_iron":57,"minecraft:torch":1,"minecraft:porkchop":3,"minecraft:white_bed":2,"minecraft:mossy_cobblestone":1,"minecraft:arrow":5,"minecraft:rotten_flesh":4,"minecraft:mutton":4,"minecraft:coal":109,"minecraft:white_wool":3,"minecraft:cobblestone":75},"minecraft:killed":{"minecraft:pig":3,"minecraft:spider":1,"minecraft:creeper":1,"minecraft:sheep":3,"minecraft:skeleton":7,"minecraft:zombie":10,"minecraft:chicken":6,"minecraft:drowned":1},"minecraft:custom":{"minecraft:interact_with_furnace":31,"minecraft:mob_kills":32,"minecraft:interact_with_crafting_table":9,"minecraft:time_since_death":58700,"minecraft:sleep_in_bed":1,"minecraft:climb_one_cm":2552,"minecraft:time_since_rest":5078,"minecraft:sprint_one_cm":144604,"minecraft:damage_taken":870,"minecraft:walk_one_cm":100269,"minecraft:damage_blocked_by_shield":350,"minecraft:drop":15,"minecraft:damage_dealt":4682,"minecraft:swim_one_cm":3770,"minecraft:fly_one_cm":135070,"minecraft:open_chest":2,"minecraft:crouch_one_cm":9894,"minecraft:play_time":60000,"minecraft:sneak_time":3368,"minecraft:deaths":1,"minecraft:walk_under_water_one_cm":2336,"minecraft:jump":816,"minecraft:walk_on_water_one_cm":5229,"minecraft:total_world_time":60000,"minecraft:fall_one_cm":19806},"minecraft:crafted":{"minecraft:oak_planks":132,"minecraft:cooked_porkchop":3,"minecraft:crafting_table":1,"minecraft:wooden_pickaxe":1,"minecraft:cooked_chicken":6,"minecraft:furnace":2,"minecraft:cooked_salmon":2,"minecraft:bucket":1,"minecraft:stone_axe":1,"minecraft:cooked_mutton":4,"minecraft:air":0,"minecraft:shield":1,"minecraft:iron_axe":1,"minecraft:stick":24,"minecraft:iron_ingot":21,"minecraft:stone_pickaxe":1,"minecraft:iron_pickaxe":1,"minecraft:white_bed":1,"minecraft:torch":24},"minecraft:used":{"minecraft:stone_pickaxe":106,"minecraft:shield":9,"minecraft:wooden_pickaxe":3,"minecraft:iron_sword":77,"minecraft:rotten_flesh":1,"minecraft:iron_chestplate":1,"minecraft:torch":25,"minecraft:dirt":8,"minecraft:crafting_table":3,"minecraft:white_bed":2,"minecraft:iron_axe":2,"minecraft:melon_slice":46,"minecraft:iron_pickaxe":133,"minecraft:stone_axe":86,"minecraft:cobblestone":13,"minecraft:bow":3,"minecraft:furnace":2,"minecraft:bucket":1},"minecraft:mined":{"minecraft:white_bed":2,"minecraft:crafting_table":4,"minecraft:grass_block":4,"minecraft:melon":27,"minecraft:chest":2,"minecraft:copper_ore":1,"minecraft:lapis_ore":1,"minecraft:wall_torch":1,"minecraft:furnace":2,"minecraft:iron_ore":57,"minecraft:grass":20,"minecraft:coal_ore":109,"minecraft:oak_log":33,"minecraft:dirt":6,"minecraft:stone":72,"minecraft:oak_leaves":2,"minecraft:fern":2},"minecraft:dropped":{"minecraft:stone_axe":1,"minecraft:wheat_seeds":1,"minecraft:raw_copper":2,"minecraft:mossy_cobblestone":1,"minecraft:feather":5,"minecraft:rotten_flesh":3,"minecraft:gunpowder":5,"minecraft:stone_pickaxe":1,"minecraft:wooden_pickaxe":1},"minecraft:killed_by":{"minecraft:zombie":1}},"DataVersion":3465}