{"stats":{"minecraft:picked_up":{"minecraft:birch_log":6,"minecraft:crafting_table":3,"minecraft:oak_log":30,"minecraft:dirt":3,"minecraft:cobblestone":35,"minecraft:furnace":1},"minecraft:custom":{"minecraft:time_since_rest":3139,"minecraft:sprint_one_cm":39563,"minecraft:damage_taken":941,"minecraft:walk_one_cm":26860,"minecraft:damage_dealt":50,"minecraft:interact_with_crafting_table":5,"minecraft:fly_one_cm":36998,"minecraft:crouch_one_cm":3966,"minecraft:play_time":18000,"minecraft:deaths":4,"minecraft:sneak_time":1986,"minecraft:jump":242,"minecraft:time_since_death":3115,"minecraft:total_world_time":18000,"minecraft:fall_one_cm":5862},"minecraft:crafted":{"minecraft:wooden_sword":2,"minecraft:oak_planks":80,"minecraft:crafting_table":3,"minecraft:stick":28,"minecraft:wooden_pickaxe":3,"minecraft:stone_pickaxe":1,"minecraft:wooden_axe":3,"minecraft:stone_sword":1,"minecraft:birch_planks":24,"minecraft:stone_axe":1},"minecraft:used":{"minecraft:wooden_axe":13,"minecraft:stone_pickaxe":30,"minecraft:wooden_pickaxe":10,"minecraft:stone_axe":1,"minecraft:wooden_sword":2,"minecraft:cobblestone":15,"minecraft:crafting_table":4},"minecraft:mined":{"minecraft:furnace":1,"minecraft:birch_log":6,"minecraft:birch_leaves":1,"minecraft:crafting_table":3,"minecraft:grass":3,"minecraft:grass_block":1,"minecraft:oak_log":30,"minecraft:dirt":2,"minecraft:stone":36,"minecraft:oak_leaves":1},"minecraft:killed_by":{"minecraft:player":4}},"DataVersion":3465}