{"stats":{"minecraft:picked_up":{"minecraft:wooden_axe":2,"minecraft:birch_log":6,"minecraft:crafting_table":7,"minecraft:feather":3,"minecraft:cooked_beef":1,"minecraft:chicken":2,"minecraft:salmon":3,"minecraft:leather":8,"minecraft:wooden_pickaxe":2,"minecraft:diamond_sword":1,"minecraft:oak_log":40,"minecraft:dirt":14,"minecraft:string":2,"minecraft:wooden_sword":2,"minecraft:diamond_leggings":2,"minecraft:wheat_seeds":1,"minecraft:beef":3,"minecraft:diamond_helmet":2,"minecraft:melon_slice":62,"minecraft:oak_planks":88,"minecraft:furnace":1,"minecraft:stick":3,"minecraft:arrow":2,"minecraft:rotten_flesh":3,"minecraft:diamond_chestplate":2,"minecraft:diamond":27,"minecraft:diamond_boots":2,"minecraft:oak_sapling":1,"minecraft:mutton":1,"minecraft:white_wool":2,"minecraft:cobblestone":35,"minecraft:diamond_pickaxe":1},"minecraft:killed":{"minecraft:salmon":3,"minecraft:spider":1,"minecraft:sheep":2,"minecraft:skeleton":1,"minecraft:donkey":2,"minecraft:zombie":2,"minecraft:chicken":2,"minecraft:cow":2},"minecraft:custom":{"minecraft:mob_kills":15,"minecraft:interact_with_crafting_table":12,"minecraft:leave_game":1,"minecraft:time_since_death":12424,"minecraft:climb_one_cm":3051,"minecraft:time_since_rest":12462,"minecraft:sprint_one_cm":110993,"minecraft:damage_taken":1809,"minecraft:walk_one_cm":85620,"minecraft:drop":21,"minecraft:damage_dealt":1773,"minecraft:swim_one_cm":21109,"minecraft:fly_one_cm":117502,"minecraft:crouch_one_cm":5620,"minecraft:play_time":41187,"minecraft:sneak_time":2594,"minecraft:deaths":6,"minecraft:walk_under_water_one_cm":2426,"minecraft:jump":877,"minecraft:walk_on_water_one_cm":4280,"minecraft:total_world_time":41187,"minecraft:fall_one_cm":24090},"minecraft:crafted":{"minecraft:wooden_sword":3,"minecraft:oak_planks":120,"minecraft:diamond_sword":1,"minecraft:diamond_axe":1,"minecraft:crafting_table":4,"minecraft:wooden_pickaxe":3,"minecraft:birch_planks":24,"minecraft:stone_axe":1,"minecraft:diamond_pickaxe":1,"minecraft:stick":32,"minecraft:stone_pickaxe":1,"minecraft:wooden_axe":4,"minecraft:stone_sword":1},"minecraft:used":{"minecraft:diamond_boots":2,"minecraft:stone_pickaxe":30,"minecraft:wooden_pickaxe":10,"minecraft:diamond_axe":13,"minecraft:dirt":10,"minecraft:crafting_table":7,"minecraft:diamond_helmet":2,"minecraft:wooden_axe":25,"minecraft:melon_slice":19,"minecraft:wooden_sword":14,"minecraft:stone_axe":1,"minecraft:diamond_chestplate":2,"minecraft:diamond_sword":22,"minecraft:cobblestone":15,"minecraft:diamond_leggings":2},"minecraft:mined":{"minecraft:crafting_table":5,"minecraft:grass_block":11,"minecraft:melon":8,"minecraft:furnace":1,"minecraft:birch_log":6,"minecraft:birch_leaves":1,"minecraft:vine":2,"minecraft:grass":13,"minecraft:oak_log":40,"minecraft:dirt":3,"minecraft:stone":36,"minecraft:oak_leaves":4},"minecraft:dropped":{"minecraft:wheat_seeds":1,"minecraft:rotten_flesh":3,"minecraft:leather":4,"minecraft:salmon":3,"minecraft:dirt":1,"minecraft:wooden_axe":2,"minecraft:oak_sapling":1,"minecraft:wooden_sword":1,"minecraft:arrow":2,"minecraft:wooden_pickaxe":1,"minecraft:string":2,"minecraft:white_wool":2},"minecraft:killed_by":{"minecraft:player":4,"minecraft:pufferfish":1}},"DataVersion":3465}