{"stats":{"minecraft:picked_up":{"minecraft:wooden_axe":2,"minecraft:birch_log":6,"minecraft:stick":3,"minecraft:crafting_table":7,"minecraft:diamond_sword":1,"minecraft:wooden_pickaxe":2,"minecraft:oak_log":40,"minecraft:string":2,"minecraft:dirt":3,"minecraft:wooden_sword":2,"minecraft:diamond_chestplate":2,"minecraft:rotten_flesh":1,"minecraft:diamond":27,"minecraft:diamond_leggings":2,"minecraft:diamond_boots":2,"minecraft:diamond_helmet":2,"minecraft:oak_planks":88,"minecraft:diamond_pickaxe":1,"minecraft:cobblestone":35,"minecraft:furnace":1},"minecraft:killed":{"minecraft:zombie":2,"minecraft:spider":1},"minecraft:custom":{"minecraft:time_since_rest":1275,"minecraft:sprint_one_cm":70192,"minecraft:damage_taken":1489,"minecraft:walk_one_cm":58814,"minecraft:mob_kills":3,"minecraft:drop":7,"minecraft:damage_dealt":680,"minecraft:interact_with_crafting_table":12,"minecraft:fly_one_cm":60446,"minecraft:crouch_one_cm":5038,"minecraft:play_time":30000,"minecraft:deaths":6,"minecraft:sneak_time":2342,"minecraft:jump":472,"minecraft:walk_on_water_one_cm":28,"minecraft:time_since_death":1237,"minecraft:total_world_time":30000,"minecraft:fall_one_cm":13659},"minecraft:crafted":{"minecraft:wooden_sword":3,"minecraft:oak_planks":120,"minecraft:diamond_sword":1,"minecraft:diamond_pickaxe":1,"minecraft:diamond_axe":1,"minecraft:crafting_table":4,"minecraft:stick":32,"minecraft:wooden_pickaxe":3,"minecraft:stone_pickaxe":1,"minecraft:wooden_axe":4,"minecraft:stone_sword":1,"minecraft:birch_planks":24,"minecraft:stone_axe":1},"minecraft:used":{"minecraft:wooden_axe":25,"minecraft:diamond_boots":2,"minecraft:stone_pickaxe":30,"minecraft:wooden_pickaxe":10,"minecraft:diamond_axe":1,"minecraft:diamond_chestplate":2,"minecraft:stone_axe":1,"minecraft:diamond_sword":1,"minecraft:wooden_sword":14,"minecraft:cobblestone":15,"minecraft:crafting_table":7,"minecraft:diamond_helmet":2,"minecraft:diamond_leggings":2},"minecraft:dropped":{"minecraft:wooden_axe":2,"minecraft:wooden_sword":1,"minecraft:rotten_flesh":1,"minecraft:wooden_pickaxe":1,"minecraft:string":2},"minecraft:mined":{"minecraft:furnace":1,"minecraft:birch_log":6,"minecraft:birch_leaves":1,"minecraft:crafting_table":5,"minecraft:grass":4,"minecraft:grass_block":1,"minecraft:oak_log":40,"minecraft:dirt":2,"minecraft:stone":36,"minecraft:oak_leaves":3},"minecraft:killed_by":{"minecraft:pufferfish":1,"minecraft:player":4}},"DataVersion":3465}