{"stats":{"minecraft:picked_up":{"minecraft:oak_log":5},"minecraft:custom":{"minecraft:jump":87,"minecraft:time_since_rest":2370,"minecraft:damage_dealt":50,"minecraft:deaths":2,"minecraft:damage_taken":522,"minecraft:crouch_one_cm":402,"minecraft:sprint_one_cm":14074,"minecraft:play_time":6000,"minecraft:time_since_death":2338,"minecraft:walk_one_cm":9424,"minecraft:sneak_time":111,"minecraft:total_world_time":6000,"minecraft:fall_one_cm":4144,"minecraft:fly_one_cm":16325},"minecraft:crafted":{"minecraft:oak_planks":20},"minecraft:mined":{"minecraft:oak_log":5,"minecraft:birch_leaves":1},"minecraft:killed_by":{"minecraft:player":2}},"DataVersion":3465}