{"stats":{"minecraft:picked_up":{"minecraft:coarse_dirt":1,"minecraft:iron_chestplate":1,"minecraft:crafting_table":8,"minecraft:feather":6,"minecraft:chicken":7,"minecraft:tripwire_hook":1,"minecraft:leather":5,"minecraft:smoker":1,"minecraft:flint":2,"minecraft:tuff":2,"minecraft:oak_log":24,"minecraft:string":1,"minecraft:lapis_lazuli":75,"minecraft:dirt":38,"minecraft:iron_leggings":1,"minecraft:bone":2,"minecraft:bow":1,"minecraft:wheat_seeds":14,"minecraft:wild_armor_trim_smithing_template":2,"minecraft:cobbled_deepslate":251,"minecraft:beef":5,"minecraft:sugar_cane":17,"minecraft:melon_slice":105,"minecraft:iron_sword":1,"minecraft:iron_boots":1,"minecraft:furnace":1,"minecraft:stick":2,"minecraft:raw_iron":45,"minecraft:dripstone_block":1,"minecraft:gravel":2,"minecraft:pointed_dripstone":1,"minecraft:diorite":27,"minecraft:mossy_cobblestone":1,"minecraft:rotten_flesh":2,"minecraft:diamond":71,"minecraft:iron_helmet":1,"minecraft:granite":55,"minecraft:netherrack":1,"minecraft:obsidian":2,"minecraft:mutton":6,"minecraft:coal":27,"minecraft:white_wool":5,"minecraft:cobblestone":255},"minecraft:killed":{"minecraft:spider":1,"minecraft:sheep":5,"minecraft:skeleton":4,"minecraft:zombie":12,"minecraft:chicken":7,"minecraft:enderman":1,"minecraft:cow":3},"minecraft:custom":{"minecraft:interact_with_furnace":11,"minecraft:mob_kills":33,"minecraft:interact_with_crafting_table":27,"minecraft:time_since_death":78000,"minecraft:climb_one_cm":3231,"minecraft:time_since_rest":78000,"minecraft:sprint_one_cm":189101,"minecraft:damage_taken":1115,"minecraft:walk_one_cm":97557,"minecraft:drop":30,"minecraft:damage_dealt":5618,"minecraft:swim_one_cm":22789,"minecraft:fly_one_cm":276138,"minecraft:player_kills":1,"minecraft:open_chest":9,"minecraft:crouch_one_cm":2686,"minecraft:play_time":78000,"minecraft:sneak_time":2240,"minecraft:walk_under_water_one_cm":4305,"minecraft:boat_one_cm":59222,"minecraft:jump":1544,"minecraft:walk_on_water_one_cm":9214,"minecraft:enchant_item":6,"minecraft:interact_with_smoker":9,"minecraft:total_world_time":78000,"minecraft:inspect_dispenser":2,"minecraft:fall_one_cm":40254},"minecraft:crafted":{"minecraft:cooked_beef":5,"minecraft:oak_planks":80,"minecraft:crossbow":1,"minecraft:diamond_sword":1,"minecraft:crafting_table":2,"minecraft:cooked_chicken":7,"minecraft:wooden_pickaxe":1,"minecraft:iron_helmet":1,"minecraft:iron_sword":1,"minecraft:furnace":1,"minecraft:cooked_mutton":6,"minecraft:air":0,"minecraft:flint_and_steel":1,"minecraft:bow":1,"minecraft:diamond_leggings":1,"minecraft:diamond_helmet":1,"minecraft:iron_chestplate":1,"minecraft:iron_boots":1,"minecraft:diamond_pickaxe":1,"minecraft:shield":1,"minecraft:iron_axe":1,"minecraft:stick":20,"minecraft:iron_ingot":31,"minecraft:iron_pickaxe":1,"minecraft:stone_pickaxe":1,"minecraft:wooden_axe":1,"minecraft:chest":2,"minecraft:diamond_boots":1,"minecraft:iron_leggings":1,"minecraft:white_bed":1,"minecraft:torch":4,"minecraft:smoker":1,"minecraft:diamond_chestplate":1},"minecraft:used":{"minecraft:water_bucket":2,"minecraft:flint_and_steel":1,"minecraft:stone_pickaxe":116,"minecraft:chest":2,"minecraft:wooden_pickaxe":7,"minecraft:iron_sword":158,"minecraft:cooked_chicken":1,"minecraft:torch":4,"minecraft:dirt":12,"minecraft:crafting_table":8,"minecraft:white_bed":1,"minecraft:tuff":2,"minecraft:obsidian":1,"minecraft:smoker":1,"minecraft:wooden_axe":51,"minecraft:diamond_pickaxe":452,"minecraft:iron_axe":37,"minecraft:melon_slice":82,"minecraft:iron_pickaxe":167,"minecraft:diamond_chestplate":1,"minecraft:diamond_sword":23,"minecraft:bow":1,"minecraft:cobblestone":36,"minecraft:furnace":1,"minecraft:bucket":3,"minecraft:cooked_beef":1},"minecraft:mined":{"minecraft:diamond_ore":4,"minecraft:tuff":2,"minecraft:deepslate_diamond_ore":62,"minecraft:smoker":1,"minecraft:obsidian":2,"minecraft:crafting_table":7,"minecraft:granite":55,"minecraft:grass_block":4,"minecraft:melon":24,"minecraft:tall_grass":4,"minecraft:cobblestone":6,"minecraft:sugar_cane":9,"minecraft:diorite":27,"minecraft:furnace":1,"minecraft:iron_ore":38,"minecraft:deepslate_lapis_ore":2,"minecraft:grass":109,"minecraft:pointed_dripstone":1,"minecraft:oak_log":23,"minecraft:coal_ore":16,"minecraft:vine":3,"minecraft:deepslate_iron_ore":6,"minecraft:gravel":4,"minecraft:dripstone_block":1,"minecraft:dirt":8,"minecraft:netherrack":1,"minecraft:tripwire_hook":1,"minecraft:stone":247,"minecraft:oak_leaves":5,"minecraft:deepslate":253,"minecraft:fern":42},"minecraft:dropped":{"minecraft:gravel":2,"minecraft:iron_sword":1,"minecraft:sugar_cane":17,"minecraft:wheat_seeds":3,"minecraft:cobbled_deepslate":123,"minecraft:diamond":5,"minecraft:dripstone_block":1,"minecraft:pointed_dripstone":1,"minecraft:cobblestone":16,"minecraft:iron_helmet":1,"minecraft:feather":6,"minecraft:rotten_flesh":2,"minecraft:oak_planks":2,"minecraft:iron_boots":1,"minecraft:granite":55,"minecraft:flint":1,"minecraft:dirt":10,"minecraft:diorite":27,"minecraft:iron_chestplate":1,"minecraft:wooden_axe":1,"minecraft:iron_leggings":1,"minecraft:stone_pickaxe":1,"minecraft:wooden_pickaxe":1,"minecraft:string":2}},"DataVersion":3465}