{"stats":{"minecraft:picked_up":{"minecraft:crafting_table":5,"minecraft:feather":2,"minecraft:chicken":4,"minecraft:flint":2,"minecraft:oak_log":9,"minecraft:lapis_lazuli":11,"minecraft:dirt":12,"minecraft:bone":2,"minecraft:bow":1,"minecraft:cobbled_deepslate":94,"minecraft:melon_slice":60,"minecraft:furnace":1,"minecraft:raw_iron":45,"minecraft:dripstone_block":1,"minecraft:gravel":2,"minecraft:diorite":11,"minecraft:rotten_flesh":1,"minecraft:diamond":25,"minecraft:mutton":2,"minecraft:coal":27,"minecraft:white_wool":2,"minecraft:cobblestone":98},"minecraft:killed":{"minecraft:sheep":2,"minecraft:skeleton":1,"minecraft:zombie":2,"minecraft:chicken":4},"minecraft:custom":{"minecraft:interact_with_furnace":6,"minecraft:mob_kills":9,"minecraft:interact_with_crafting_table":10,"minecraft:time_since_death":24000,"minecraft:climb_one_cm":60,"minecraft:time_since_rest":24000,"minecraft:sprint_one_cm":60774,"minecraft:damage_taken":385,"minecraft:walk_one_cm":24138,"minecraft:drop":8,"minecraft:damage_dealt":1227,"minecraft:swim_one_cm":5010,"minecraft:fly_one_cm":58944,"minecraft:player_kills":1,"minecraft:open_chest":1,"minecraft:crouch_one_cm":1953,"minecraft:play_time":24000,"minecraft:sneak_time":1537,"minecraft:walk_under_water_one_cm":2214,"minecraft:jump":326,"minecraft:walk_on_water_one_cm":3871,"minecraft:total_world_time":24000,"minecraft:fall_one_cm":12050},"minecraft:crafted":{"minecraft:oak_planks":36,"minecraft:crafting_table":1,"minecraft:wooden_pickaxe":1,"minecraft:iron_helmet":1,"minecraft:iron_sword":1,"minecraft:furnace":1,"minecraft:air":0,"minecraft:iron_chestplate":1,"minecraft:iron_boots":1,"minecraft:diamond_pickaxe":1,"minecraft:stick":12,"minecraft:iron_ingot":29,"minecraft:iron_pickaxe":1,"minecraft:stone_pickaxe":1,"minecraft:wooden_axe":1,"minecraft:iron_leggings":1,"minecraft:torch":4},"minecraft:used":{"minecraft:stone_pickaxe":116,"minecraft:wooden_pickaxe":7,"minecraft:iron_sword":8,"minecraft:torch":1,"minecraft:dirt":9,"minecraft:crafting_table":5,"minecraft:wooden_axe":51,"minecraft:diamond_pickaxe":10,"minecraft:melon_slice":26,"minecraft:iron_pickaxe":163,"minecraft:furnace":1,"minecraft:bucket":1},"minecraft:mined":{"minecraft:deepslate_diamond_ore":25,"minecraft:crafting_table":5,"minecraft:melon":12,"minecraft:tall_grass":4,"minecraft:cobblestone":2,"minecraft:diorite":11,"minecraft:furnace":1,"minecraft:iron_ore":38,"minecraft:deepslate_lapis_ore":2,"minecraft:grass":6,"minecraft:oak_log":8,"minecraft:coal_ore":16,"minecraft:deepslate_iron_ore":6,"minecraft:gravel":4,"minecraft:dripstone_block":1,"minecraft:dirt":1,"minecraft:stone":96,"minecraft:deepslate":94,"minecraft:fern":1},"minecraft:dropped":{"minecraft:gravel":2,"minecraft:dripstone_block":1,"minecraft:feather":2,"minecraft:rotten_flesh":1,"minecraft:diorite":11,"minecraft:wooden_axe":1,"minecraft:stone_pickaxe":1,"minecraft:wooden_pickaxe":1}},"DataVersion":3465}