{"stats":{"minecraft:picked_up":{"minecraft:crafting_table":6,"minecraft:feather":4,"minecraft:chicken":7,"minecraft:leather":4,"minecraft:flint":2,"minecraft:tuff":2,"minecraft:oak_log":24,"minecraft:lapis_lazuli":11,"minecraft:dirt":22,"minecraft:bone":2,"minecraft:bow":1,"minecraft:wheat_seeds":9,"minecraft:cobbled_deepslate":251,"minecraft:beef":5,"minecraft:sugar_cane":17,"minecraft:melon_slice":105,"minecraft:furnace":1,"minecraft:stick":2,"minecraft:raw_iron":45,"minecraft:dripstone_block":1,"minecraft:gravel":2,"minecraft:pointed_dripstone":1,"minecraft:diorite":27,"minecraft:rotten_flesh":1,"minecraft:diamond":71,"minecraft:granite":55,"minecraft:mutton":6,"minecraft:coal":27,"minecraft:white_wool":5,"minecraft:cobblestone":254},"minecraft:killed":{"minecraft:spider":1,"minecraft:sheep":5,"minecraft:skeleton":3,"minecraft:zombie":11,"minecraft:chicken":7,"minecraft:cow":3},"minecraft:custom":{"minecraft:interact_with_furnace":6,"minecraft:mob_kills":30,"minecraft:interact_with_crafting_table":13,"minecraft:time_since_death":54000,"minecraft:climb_one_cm":1247,"minecraft:time_since_rest":54000,"minecraft:sprint_one_cm":126719,"minecraft:damage_taken":898,"minecraft:walk_one_cm":73320,"minecraft:drop":19,"minecraft:damage_dealt":4524,"minecraft:swim_one_cm":14658,"minecraft:fly_one_cm":187338,"minecraft:player_kills":1,"minecraft:open_chest":1,"minecraft:crouch_one_cm":2575,"minecraft:play_time":54000,"minecraft:sneak_time":1971,"minecraft:walk_under_water_one_cm":2918,"minecraft:jump":1102,"minecraft:walk_on_water_one_cm":6911,"minecraft:total_world_time":54000,"minecraft:fall_one_cm":28169},"minecraft:crafted":{"minecraft:oak_planks":36,"minecraft:crafting_table":1,"minecraft:wooden_pickaxe":1,"minecraft:iron_helmet":1,"minecraft:iron_sword":1,"minecraft:furnace":1,"minecraft:air":0,"minecraft:diamond_leggings":1,"minecraft:diamond_helmet":1,"minecraft:iron_chestplate":1,"minecraft:iron_boots":1,"minecraft:diamond_pickaxe":1,"minecraft:iron_axe":1,"minecraft:stick":16,"minecraft:iron_ingot":29,"minecraft:iron_pickaxe":1,"minecraft:stone_pickaxe":1,"minecraft:wooden_axe":1,"minecraft:iron_leggings":1,"minecraft:torch":4},"minecraft:used":{"minecraft:stone_pickaxe":116,"minecraft:wooden_pickaxe":7,"minecraft:iron_sword":118,"minecraft:torch":4,"minecraft:dirt":12,"minecraft:crafting_table":7,"minecraft:tuff":2,"minecraft:wooden_axe":51,"minecraft:diamond_pickaxe":448,"minecraft:iron_axe":36,"minecraft:melon_slice":68,"minecraft:iron_pickaxe":167,"minecraft:cobblestone":26,"minecraft:furnace":1,"minecraft:bucket":1},"minecraft:mined":{"minecraft:diamond_ore":4,"minecraft:tuff":2,"minecraft:deepslate_diamond_ore":62,"minecraft:crafting_table":6,"minecraft:granite":55,"minecraft:grass_block":4,"minecraft:melon":24,"minecraft:tall_grass":4,"minecraft:cobblestone":6,"minecraft:sugar_cane":9,"minecraft:diorite":27,"minecraft:furnace":1,"minecraft:iron_ore":38,"minecraft:deepslate_lapis_ore":2,"minecraft:grass":72,"minecraft:pointed_dripstone":1,"minecraft:oak_log":23,"minecraft:coal_ore":16,"minecraft:vine":2,"minecraft:deepslate_iron_ore":6,"minecraft:gravel":4,"minecraft:dripstone_block":1,"minecraft:dirt":8,"minecraft:stone":247,"minecraft:oak_leaves":5,"minecraft:deepslate":253,"minecraft:fern":21},"minecraft:dropped":{"minecraft:gravel":2,"minecraft:sugar_cane":17,"minecraft:wheat_seeds":1,"minecraft:dripstone_block":1,"minecraft:pointed_dripstone":1,"minecraft:iron_helmet":1,"minecraft:feather":4,"minecraft:rotten_flesh":1,"minecraft:iron_boots":1,"minecraft:granite":55,"minecraft:dirt":10,"minecraft:diorite":27,"minecraft:iron_chestplate":1,"minecraft:wooden_axe":1,"minecraft:iron_leggings":1,"minecraft:stone_pickaxe":1,"minecraft:wooden_pickaxe":1}},"DataVersion":3465}