{"stats":{"minecraft:picked_up":{"minecraft:raw_iron":18,"minecraft:crafting_table":3,"minecraft:feather":2,"minecraft:chicken":4,"minecraft:oak_log":9,"minecraft:dirt":12,"minecraft:rotten_flesh":1,"minecraft:melon_slice":60,"minecraft:mutton":2,"minecraft:coal":15,"minecraft:white_wool":2,"minecraft:cobblestone":46},"minecraft:killed":{"minecraft:sheep":2,"minecraft:zombie":1,"minecraft:chicken":4},"minecraft:custom":{"minecraft:time_since_rest":12000,"minecraft:interact_with_furnace":3,"minecraft:sprint_one_cm":36765,"minecraft:damage_taken":257,"minecraft:walk_one_cm":14267,"minecraft:mob_kills":7,"minecraft:damage_dealt":827,"minecraft:player_kills":1,"minecraft:interact_with_crafting_table":7,"minecraft:swim_one_cm":4461,"minecraft:fly_one_cm":46999,"minecraft:crouch_one_cm":1042,"minecraft:play_time":12000,"minecraft:sneak_time":439,"minecraft:walk_under_water_one_cm":845,"minecraft:jump":220,"minecraft:time_since_death":12000,"minecraft:walk_on_water_one_cm":1462,"minecraft:total_world_time":12000,"minecraft:climb_one_cm":60,"minecraft:fall_one_cm":9452},"minecraft:crafted":{"minecraft:oak_planks":36,"minecraft:crafting_table":1,"minecraft:stick":12,"minecraft:iron_pickaxe":1,"minecraft:iron_ingot":6,"minecraft:wooden_pickaxe":1,"minecraft:stone_pickaxe":1,"minecraft:wooden_axe":1,"minecraft:iron_sword":1,"minecraft:furnace":1,"minecraft:air":0},"minecraft:used":{"minecraft:wooden_axe":49,"minecraft:melon_slice":17,"minecraft:stone_pickaxe":72,"minecraft:wooden_pickaxe":7,"minecraft:crafting_table":4,"minecraft:furnace":1},"minecraft:mined":{"minecraft:iron_ore":18,"minecraft:crafting_table":3,"minecraft:grass":6,"minecraft:coal_ore":15,"minecraft:oak_log":8,"minecraft:melon":12,"minecraft:dirt":1,"minecraft:tall_grass":4,"minecraft:stone":46,"minecraft:fern":1}},"DataVersion":3465}