{"stats":{"minecraft:picked_up":{"minecraft:crafting_table":8,"minecraft:iron_chestplate":1,"minecraft:coarse_dirt":1,"minecraft:chicken":7,"minecraft:string":3,"minecraft:red_bed":1,"minecraft:iron_leggings":1,"minecraft:cobbled_deepslate":251,"minecraft:beef":5,"minecraft:oak_boat":1,"minecraft:melon_slice":105,"minecraft:sugar_cane":27,"minecraft:chest":3,"minecraft:phantom_membrane":1,"minecraft:furnace":1,"minecraft:iron_boots":1,"minecraft:stick":5,"minecraft:raw_iron":45,"minecraft:acacia_log":40,"minecraft:pointed_dripstone":1,"minecraft:diorite":27,"minecraft:cauldron":1,"minecraft:orange_bed":1,"minecraft:arrow":7,"minecraft:rotten_flesh":4,"minecraft:hay_block":18,"minecraft:mutton":6,"minecraft:obsidian":6,"minecraft:cobblestone":255,"minecraft:white_wool":5,"minecraft:enchanting_table":1,"minecraft:feather":6,"minecraft:cooked_beef":9,"minecraft:tripwire_hook":1,"minecraft:leather":8,"minecraft:smoker":1,"minecraft:flint":2,"minecraft:tuff":2,"minecraft:oak_log":28,"minecraft:lapis_lazuli":75,"minecraft:dirt":103,"minecraft:bone":13,"minecraft:bow":2,"minecraft:wheat_seeds":37,"minecraft:wild_armor_trim_smithing_template":2,"minecraft:acacia_sapling":1,"minecraft:oak_planks":2,"minecraft:iron_sword":1,"minecraft:gravel":2,"minecraft:dripstone_block":1,"minecraft:blast_furnace":1,"minecraft:white_bed":3,"minecraft:mossy_cobblestone":1,"minecraft:diamond":71,"minecraft:iron_helmet":1,"minecraft:granite":55,"minecraft:oak_sapling":4,"minecraft:coal":27,"minecraft:netherrack":1},"minecraft:killed":{"minecraft:spider":5,"minecraft:skeleton":11,"minecraft:chicken":7,"minecraft:creeper":1,"minecraft:sheep":5,"minecraft:zombie":16,"minecraft:enderman":2,"minecraft:cow":8},"minecraft:custom":{"minecraft:mob_kills":55,"minecraft:interact_with_crafting_table":33,"minecraft:time_since_death":126000,"minecraft:climb_one_cm":5789,"minecraft:sprint_one_cm":351010,"minecraft:walk_one_cm":176388,"minecraft:damage_blocked_by_shield":80,"minecraft:drop":37,"minecraft:talked_to_villager":1,"minecraft:play_time":126000,"minecraft:sneak_time":2609,"minecraft:walk_under_water_one_cm":7285,"minecraft:boat_one_cm":99199,"minecraft:jump":2765,"minecraft:interact_with_blast_furnace":3,"minecraft:walk_on_water_one_cm":14444,"minecraft:enchant_item":7,"minecraft:total_world_time":126000,"minecraft:interact_with_furnace":12,"minecraft:sleep_in_bed":1,"minecraft:time_since_rest":12937,"minecraft:damage_taken":1561,"minecraft:damage_dealt":9064,"minecraft:swim_one_cm":42719,"minecraft:fly_one_cm":548295,"minecraft:player_kills":1,"minecraft:open_chest":35,"minecraft:crouch_one_cm":3153,"minecraft:interact_with_smoker":10,"minecraft:fall_one_cm":75066,"minecraft:inspect_dispenser":2},"minecraft:crafted":{"minecraft:oak_planks":80,"minecraft:cooked_chicken":7,"minecraft:furnace":1,"minecraft:diamond_shovel":1,"minecraft:cooked_mutton":6,"minecraft:flint_and_steel":1,"minecraft:iron_boots":1,"minecraft:diamond_helmet":1,"minecraft:diamond_leggings":1,"minecraft:bow":1,"minecraft:iron_axe":1,"minecraft:iron_hoe":1,"minecraft:stone_pickaxe":1,"minecraft:chest":4,"minecraft:diamond_boots":1,"minecraft:wheat":162,"minecraft:smoker":1,"minecraft:cooked_beef":5,"minecraft:crossbow":1,"minecraft:diamond_sword":1,"minecraft:crafting_table":2,"minecraft:wooden_pickaxe":1,"minecraft:iron_helmet":1,"minecraft:iron_sword":1,"minecraft:bread":54,"minecraft:air":0,"minecraft:oak_boat":1,"minecraft:iron_chestplate":1,"minecraft:diamond_pickaxe":1,"minecraft:shield":1,"minecraft:stick":20,"minecraft:iron_ingot":34,"minecraft:iron_pickaxe":1,"minecraft:wooden_axe":1,"minecraft:iron_leggings":1,"minecraft:white_bed":1,"minecraft:torch":4,"minecraft:diamond_chestplate":1},"minecraft:used":{"minecraft:enchanting_table":1,"minecraft:flint_and_steel":10,"minecraft:chest":5,"minecraft:shield":2,"minecraft:iron_sword":158,"minecraft:cooked_chicken":5,"minecraft:torch":4,"minecraft:dirt":17,"minecraft:tuff":2,"minecraft:obsidian":1,"minecraft:wooden_axe":51,"minecraft:iron_axe":99,"minecraft:diamond_chestplate":1,"minecraft:bow":8,"minecraft:furnace":1,"minecraft:cooked_beef":1,"minecraft:water_bucket":3,"minecraft:stone_pickaxe":116,"minecraft:wooden_pickaxe":7,"minecraft:crafting_table":8,"minecraft:blast_furnace":1,"minecraft:white_bed":4,"minecraft:smoker":1,"minecraft:diamond_pickaxe":461,"minecraft:diamond_shovel":69,"minecraft:bread":5,"minecraft:melon_slice":108,"minecraft:iron_pickaxe":167,"minecraft:diamond_sword":113,"minecraft:cobblestone":36,"minecraft:bucket":4,"minecraft:oak_boat":1},"minecraft:dropped":{"minecraft:iron_sword":1,"minecraft:wheat_seeds":6,"minecraft:diamond":5,"minecraft:dripstone_block":1,"minecraft:feather":6,"minecraft:iron_helmet":1,"minecraft:cobblestone":16,"minecraft:granite":55,"minecraft:flint":1,"minecraft:dirt":26,"minecraft:red_bed":1,"minecraft:diorite":27,"minecraft:wooden_axe":1,"minecraft:iron_leggings":1,"minecraft:orange_bed":1,"minecraft:string":2,"minecraft:gravel":2,"minecraft:sugar_cane":17,"minecraft:coarse_dirt":1,"minecraft:cobbled_deepslate":123,"minecraft:obsidian":4,"minecraft:pointed_dripstone":1,"minecraft:rotten_flesh":2,"minecraft:oak_planks":2,"minecraft:iron_boots":1,"minecraft:iron_chestplate":1,"minecraft:stone_pickaxe":1,"minecraft:wooden_pickaxe":1},"minecraft:mined":{"minecraft:diamond_ore":4,"minecraft:tuff":2,"minecraft:white_bed":3,"minecraft:deepslate_diamond_ore":62,"minecraft:obsidian":8,"minecraft:granite":55,"minecraft:acacia_log":40,"minecraft:grass_block":52,"minecraft:hay_block":27,"minecraft:furnace":1,"minecraft:iron_ore":38,"minecraft:fire":8,"minecraft:deepslate_lapis_ore":2,"minecraft:enchanting_table":1,"minecraft:pointed_dripstone":1,"minecraft:dirt_path":8,"minecraft:deepslate_iron_ore":6,"minecraft:vine":4,"minecraft:stone":247,"minecraft:orange_bed":1,"minecraft:acacia_leaves":14,"minecraft:red_bed":1,"minecraft:smoker":1,"minecraft:crafting_table":7,"minecraft:blast_furnace":1,"minecraft:melon":24,"minecraft:chest":3,"minecraft:tall_grass":4,"minecraft:cobblestone":6,"minecraft:sugar_cane":17,"minecraft:diorite":27,"minecraft:cauldron":1,"minecraft:grass":132,"minecraft:coal_ore":16,"minecraft:oak_log":27,"minecraft:dirt":17,"minecraft:dripstone_block":1,"minecraft:gravel":4,"minecraft:tripwire_hook":1,"minecraft:netherrack":1,"minecraft:fern":42,"minecraft:oak_leaves":10,"minecraft:deepslate":253}},"DataVersion":3465}