{"stats":{"minecraft:picked_up":{"minecraft:crafting_table":5,"minecraft:feather":2,"minecraft:chicken":4,"minecraft:flint":2,"minecraft:tuff":2,"minecraft:oak_log":9,"minecraft:lapis_lazuli":11,"minecraft:dirt":22,"minecraft:bone":2,"minecraft:bow":1,"minecraft:cobbled_deepslate":251,"minecraft:melon_slice":60,"minecraft:furnace":1,"minecraft:raw_iron":45,"minecraft:dripstone_block":1,"minecraft:gravel":2,"minecraft:pointed_dripstone":1,"minecraft:diorite":27,"minecraft:rotten_flesh":1,"minecraft:diamond":66,"minecraft:granite":55,"minecraft:mutton":2,"minecraft:coal":27,"minecraft:white_wool":2,"minecraft:cobblestone":249},"minecraft:killed":{"minecraft:sheep":2,"minecraft:skeleton":2,"minecraft:zombie":4,"minecraft:chicken":4},"minecraft:custom":{"minecraft:interact_with_furnace":6,"minecraft:mob_kills":12,"minecraft:interact_with_crafting_table":10,"minecraft:time_since_death":36000,"minecraft:climb_one_cm":60,"minecraft:time_since_rest":36000,"minecraft:sprint_one_cm":79007,"minecraft:damage_taken":461,"minecraft:walk_one_cm":41989,"minecraft:drop":8,"minecraft:damage_dealt":2017,"minecraft:swim_one_cm":5010,"minecraft:fly_one_cm":77599,"minecraft:player_kills":1,"minecraft:open_chest":1,"minecraft:crouch_one_cm":2575,"minecraft:play_time":36000,"minecraft:sneak_time":1964,"minecraft:walk_under_water_one_cm":2304,"minecraft:jump":598,"minecraft:walk_on_water_one_cm":4692,"minecraft:total_world_time":36000,"minecraft:fall_one_cm":14110},"minecraft:crafted":{"minecraft:oak_planks":36,"minecraft:crafting_table":1,"minecraft:wooden_pickaxe":1,"minecraft:iron_helmet":1,"minecraft:iron_sword":1,"minecraft:furnace":1,"minecraft:air":0,"minecraft:iron_chestplate":1,"minecraft:iron_boots":1,"minecraft:diamond_pickaxe":1,"minecraft:stick":12,"minecraft:iron_ingot":29,"minecraft:iron_pickaxe":1,"minecraft:stone_pickaxe":1,"minecraft:wooden_axe":1,"minecraft:iron_leggings":1,"minecraft:torch":4},"minecraft:used":{"minecraft:stone_pickaxe":116,"minecraft:wooden_pickaxe":7,"minecraft:iron_sword":23,"minecraft:torch":1,"minecraft:dirt":12,"minecraft:crafting_table":5,"minecraft:tuff":2,"minecraft:wooden_axe":51,"minecraft:diamond_pickaxe":448,"minecraft:melon_slice":34,"minecraft:iron_pickaxe":163,"minecraft:furnace":1,"minecraft:bucket":1},"minecraft:mined":{"minecraft:diamond_ore":4,"minecraft:tuff":2,"minecraft:deepslate_diamond_ore":62,"minecraft:crafting_table":5,"minecraft:granite":55,"minecraft:grass_block":3,"minecraft:melon":12,"minecraft:tall_grass":4,"minecraft:cobblestone":2,"minecraft:diorite":27,"minecraft:furnace":1,"minecraft:iron_ore":38,"minecraft:deepslate_lapis_ore":2,"minecraft:grass":9,"minecraft:pointed_dripstone":1,"minecraft:oak_log":8,"minecraft:coal_ore":16,"minecraft:deepslate_iron_ore":6,"minecraft:gravel":4,"minecraft:dripstone_block":1,"minecraft:dirt":8,"minecraft:stone":247,"minecraft:deepslate":253,"minecraft:fern":1},"minecraft:dropped":{"minecraft:gravel":2,"minecraft:dripstone_block":1,"minecraft:feather":2,"minecraft:rotten_flesh":1,"minecraft:diorite":11,"minecraft:wooden_axe":1,"minecraft:stone_pickaxe":1,"minecraft:wooden_pickaxe":1}},"DataVersion":3465}