{"stats":{"minecraft:broken":{"minecraft:iron_pickaxe":1},"minecraft:picked_up":{"minecraft:crafting_table":12,"minecraft:chicken":3,"minecraft:clay_ball":48,"minecraft:wooden_pickaxe":1,"minecraft:string":1,"minecraft:cooked_salmon":2,"minecraft:cobbled_deepslate":587,"minecraft:beef":2,"minecraft:player_head":1,"minecraft:melon_slice":85,"minecraft:furnace":8,"minecraft:raw_iron":19,"minecraft:stick":2,"minecraft:diorite":29,"minecraft:arrow":3,"minecraft:rotten_flesh":11,"minecraft:diamond_boots":1,"minecraft:mutton":6,"minecraft:cobblestone":320,"minecraft:cod":4,"minecraft:white_wool":4,"minecraft:feather":3,"minecraft:cooked_beef":7,"minecraft:andesite":17,"minecraft:jungle_log":5,"minecraft:salmon":9,"minecraft:leather":4,"minecraft:smoker":3,"minecraft:flint":2,"minecraft:tuff":16,"minecraft:oak_log":23,"minecraft:lapis_lazuli":26,"minecraft:dirt":15,"minecraft:cooked_mutton":1,"minecraft:bone":5,"minecraft:bow":1,"minecraft:wheat_seeds":8,"minecraft:raw_iron_block":2,"minecraft:gravel":7,"minecraft:sand":1,"minecraft:diamond":114,"minecraft:granite":12,"minecraft:bone_meal":2,"minecraft:gray_wool":1,"minecraft:oak_sapling":4,"minecraft:coal":48},"minecraft:killed":{"minecraft:spider":2,"minecraft:cod":4,"minecraft:skeleton":2,"minecraft:chicken":3,"minecraft:salmon":9,"minecraft:creeper":1,"minecraft:sheep":4,"minecraft:zombie":11,"minecraft:cow":5},"minecraft:custom":{"minecraft:mob_kills":46,"minecraft:interact_with_crafting_table":29,"minecraft:leave_game":1,"minecraft:time_since_death":86985,"minecraft:climb_one_cm":6433,"minecraft:sprint_one_cm":157555,"minecraft:walk_one_cm":165687,"minecraft:damage_blocked_by_shield":365,"minecraft:drop":82,"minecraft:play_time":92392,"minecraft:deaths":4,"minecraft:sneak_time":8698,"minecraft:walk_under_water_one_cm":14581,"minecraft:jump":1883,"minecraft:walk_on_water_one_cm":22433,"minecraft:total_world_time":92392,"minecraft:interact_with_furnace":34,"minecraft:time_since_rest":87009,"minecraft:damage_taken":2087,"minecraft:damage_dealt":4736,"minecraft:swim_one_cm":71639,"minecraft:fly_one_cm":238882,"minecraft:open_chest":10,"minecraft:crouch_one_cm":18186,"minecraft:interact_with_smoker":11,"minecraft:fall_one_cm":51061},"minecraft:crafted":{"minecraft:wooden_sword":2,"minecraft:oak_planks":60,"minecraft:raw_iron":9,"minecraft:diamond_hoe":1,"minecraft:furnace":3,"minecraft:cooked_mutton":3,"minecraft:flint_and_steel":1,"minecraft:diamond_helmet":2,"minecraft:diamond_leggings":2,"minecraft:stone_pickaxe":1,"minecraft:diamond_boots":2,"minecraft:smoker":1,"minecraft:cooked_cod":4,"minecraft:diamond_sword":1,"minecraft:diamond_axe":1,"minecraft:crafting_table":4,"minecraft:wooden_pickaxe":1,"minecraft:cooked_salmon":5,"minecraft:bucket":3,"minecraft:bread":2,"minecraft:air":0,"minecraft:jungle_planks":20,"minecraft:diamond_pickaxe":1,"minecraft:shield":1,"minecraft:stick":24,"minecraft:iron_ingot":28,"minecraft:iron_pickaxe":2,"minecraft:wooden_axe":2,"minecraft:diamond_chestplate":2},"minecraft:used":{"minecraft:flint_and_steel":7,"minecraft:diamond_hoe":157,"minecraft:shield":13,"minecraft:cooked_salmon":7,"minecraft:rotten_flesh":2,"minecraft:dirt":9,"minecraft:raw_iron_block":1,"minecraft:tuff":6,"minecraft:milk_bucket":2,"minecraft:wooden_axe":14,"minecraft:lava_bucket":31,"minecraft:furnace":8,"minecraft:cooked_cod":4,"minecraft:cooked_beef":2,"minecraft:cobbled_deepslate":121,"minecraft:cooked_mutton":4,"minecraft:water_bucket":13,"minecraft:stone_pickaxe":68,"minecraft:wooden_pickaxe":7,"minecraft:diamond_axe":38,"minecraft:crafting_table":14,"minecraft:smoker":3,"minecraft:diamond_pickaxe":670,"minecraft:melon_slice":6,"minecraft:bread":2,"minecraft:iron_pickaxe":415,"minecraft:diamond_sword":66,"minecraft:wooden_sword":42,"minecraft:cobblestone":201,"minecraft:pufferfish_bucket":3,"minecraft:bucket":51,"minecraft:tropical_fish_bucket":1},"minecraft:dropped":{"minecraft:wheat_seeds":8,"minecraft:oak_log":4,"minecraft:diamond":41,"minecraft:golden_horse_armor":1,"minecraft:diamond_leggings":1,"minecraft:feather":3,"minecraft:cobblestone":90,"minecraft:leather":4,"minecraft:granite":12,"minecraft:flint":1,"minecraft:stick":2,"minecraft:dirt":6,"minecraft:diorite":29,"minecraft:wooden_axe":1,"minecraft:melon_slice":15,"minecraft:diamond_helmet":1,"minecraft:wooden_sword":1,"minecraft:bone_meal":2,"minecraft:sand":1,"minecraft:iron_pickaxe":1,"minecraft:string":1,"minecraft:bone":2,"minecraft:gravel":7,"minecraft:cobbled_deepslate":465,"minecraft:tuff":10,"minecraft:wheat":1,"minecraft:rotten_flesh":9,"minecraft:clay_ball":48,"minecraft:oak_planks":3,"minecraft:diamond_chestplate":1,"minecraft:andesite":17,"minecraft:oak_sapling":2,"minecraft:diamond_boots":2,"minecraft:wooden_pickaxe":1,"minecraft:arrow":1,"minecraft:stone_pickaxe":1},"minecraft:mined":{"minecraft:tuff":16,"minecraft:deepslate_diamond_ore":89,"minecraft:sculk_vein":7,"minecraft:jungle_leaves":3,"minecraft:granite":12,"minecraft:grass_block":5,"minecraft:jungle_log":5,"minecraft:spawner":4,"minecraft:raw_iron_block":2,"minecraft:sculk_catalyst":1,"minecraft:furnace":8,"minecraft:iron_ore":12,"minecraft:fire":7,"minecraft:andesite":17,"minecraft:deepslate_lapis_ore":5,"minecraft:vine":1,"minecraft:deepslate_iron_ore":7,"minecraft:stone":295,"minecraft:player_head":1,"minecraft:smoker":3,"minecraft:crafting_table":13,"minecraft:clay":9,"minecraft:melon":18,"minecraft:sculk_sensor":1,"minecraft:cobblestone":26,"minecraft:sculk":152,"minecraft:diorite":29,"minecraft:grass":32,"minecraft:coal_ore":14,"minecraft:oak_log":20,"minecraft:gravel":9,"minecraft:sand":1,"minecraft:dirt":10,"minecraft:oak_leaves":15,"minecraft:fern":7,"minecraft:deepslate":591},"minecraft:killed_by":{"minecraft:player":3,"minecraft:zombie":1}},"DataVersion":3465}