{"stats":{"minecraft:broken":{"minecraft:iron_pickaxe":1},"minecraft:picked_up":{"minecraft:crafting_table":7,"minecraft:salmon":6,"minecraft:clay_ball":48,"minecraft:jungle_log":5,"minecraft:andesite":5,"minecraft:wooden_pickaxe":1,"minecraft:flint":1,"minecraft:oak_log":15,"minecraft:dirt":7,"minecraft:cooked_salmon":2,"minecraft:bone":2,"minecraft:wheat_seeds":3,"minecraft:cobbled_deepslate":257,"minecraft:furnace":5,"minecraft:stick":2,"minecraft:raw_iron":12,"minecraft:gravel":5,"minecraft:diorite":29,"minecraft:arrow":1,"minecraft:rotten_flesh":9,"minecraft:diamond":38,"minecraft:granite":5,"minecraft:bone_meal":1,"minecraft:gray_wool":1,"minecraft:oak_sapling":2,"minecraft:mutton":1,"minecraft:coal":33,"minecraft:cobblestone":189},"minecraft:killed":{"minecraft:salmon":6,"minecraft:skeleton":1,"minecraft:sheep":1,"minecraft:zombie":7},"minecraft:custom":{"minecraft:interact_with_furnace":17,"minecraft:mob_kills":16,"minecraft:interact_with_crafting_table":18,"minecraft:time_since_death":30593,"minecraft:climb_one_cm":1470,"minecraft:time_since_rest":30617,"minecraft:sprint_one_cm":42354,"minecraft:damage_taken":1365,"minecraft:walk_one_cm":51169,"minecraft:damage_blocked_by_shield":120,"minecraft:drop":26,"minecraft:damage_dealt":2053,"minecraft:swim_one_cm":19378,"minecraft:fly_one_cm":53744,"minecraft:open_chest":3,"minecraft:crouch_one_cm":10187,"minecraft:play_time":36000,"minecraft:deaths":4,"minecraft:sneak_time":4753,"minecraft:walk_under_water_one_cm":6151,"minecraft:jump":400,"minecraft:walk_on_water_one_cm":8730,"minecraft:total_world_time":36000,"minecraft:fall_one_cm":15522},"minecraft:crafted":{"minecraft:wooden_sword":2,"minecraft:oak_planks":60,"minecraft:diamond_sword":1,"minecraft:crafting_table":3,"minecraft:wooden_pickaxe":1,"minecraft:furnace":3,"minecraft:cooked_salmon":4,"minecraft:bucket":2,"minecraft:air":0,"minecraft:jungle_planks":20,"minecraft:flint_and_steel":1,"minecraft:diamond_pickaxe":1,"minecraft:shield":1,"minecraft:stick":20,"minecraft:iron_ingot":12,"minecraft:iron_pickaxe":2,"minecraft:stone_pickaxe":1,"minecraft:wooden_axe":2,"minecraft:diamond_chestplate":1},"minecraft:used":{"minecraft:water_bucket":1,"minecraft:flint_and_steel":5,"minecraft:stone_pickaxe":68,"minecraft:shield":4,"minecraft:wooden_pickaxe":7,"minecraft:cooked_salmon":4,"minecraft:dirt":7,"minecraft:crafting_table":8,"minecraft:wooden_axe":14,"minecraft:diamond_pickaxe":94,"minecraft:iron_pickaxe":411,"minecraft:diamond_sword":4,"minecraft:wooden_sword":42,"minecraft:cobblestone":87,"minecraft:furnace":5,"minecraft:bucket":2,"minecraft:cobbled_deepslate":4},"minecraft:mined":{"minecraft:deepslate_diamond_ore":38,"minecraft:clay":9,"minecraft:crafting_table":7,"minecraft:granite":5,"minecraft:grass_block":2,"minecraft:jungle_log":5,"minecraft:cobblestone":10,"minecraft:diorite":29,"minecraft:spawner":1,"minecraft:furnace":5,"minecraft:iron_ore":12,"minecraft:fire":5,"minecraft:andesite":5,"minecraft:grass":12,"minecraft:oak_log":15,"minecraft:coal_ore":14,"minecraft:vine":1,"minecraft:dirt":5,"minecraft:gravel":6,"minecraft:stone":179,"minecraft:oak_leaves":7,"minecraft:deepslate":259,"minecraft:fern":1},"minecraft:dropped":{"minecraft:gravel":5,"minecraft:wheat_seeds":3,"minecraft:cobbled_deepslate":183,"minecraft:cobblestone":11,"minecraft:rotten_flesh":9,"minecraft:clay_ball":48,"minecraft:oak_planks":3,"minecraft:granite":5,"minecraft:stick":2,"minecraft:diorite":29,"minecraft:andesite":5,"minecraft:bone_meal":1,"minecraft:wooden_sword":1,"minecraft:stone_pickaxe":1,"minecraft:wooden_pickaxe":1},"minecraft:killed_by":{"minecraft:player":3,"minecraft:zombie":1}},"DataVersion":3465}