{"stats":{"minecraft:broken":{"minecraft:iron_pickaxe":1},"minecraft:picked_up":{"minecraft:crafting_table":4,"minecraft:salmon":6,"minecraft:clay_ball":48,"minecraft:jungle_log":5,"minecraft:andesite":5,"minecraft:wooden_pickaxe":1,"minecraft:flint":1,"minecraft:oak_log":15,"minecraft:dirt":7,"minecraft:cooked_salmon":2,"minecraft:wheat_seeds":3,"minecraft:cobbled_deepslate":58,"minecraft:furnace":5,"minecraft:stick":2,"minecraft:raw_iron":12,"minecraft:gravel":5,"minecraft:diorite":29,"minecraft:diamond":6,"minecraft:granite":5,"minecraft:bone_meal":1,"minecraft:gray_wool":1,"minecraft:oak_sapling":2,"minecraft:mutton":1,"minecraft:coal":33,"minecraft:cobblestone":179},"minecraft:killed":{"minecraft:salmon":6,"minecraft:sheep":1},"minecraft:custom":{"minecraft:interact_with_furnace":17,"minecraft:mob_kills":7,"minecraft:interact_with_crafting_table":13,"minecraft:time_since_death":18593,"minecraft:climb_one_cm":1470,"minecraft:time_since_rest":18617,"minecraft:sprint_one_cm":41858,"minecraft:damage_taken":1145,"minecraft:walk_one_cm":35557,"minecraft:drop":7,"minecraft:damage_dealt":531,"minecraft:swim_one_cm":15948,"minecraft:fly_one_cm":53032,"minecraft:crouch_one_cm":5401,"minecraft:play_time":24000,"minecraft:deaths":4,"minecraft:sneak_time":2308,"minecraft:walk_under_water_one_cm":3633,"minecraft:jump":289,"minecraft:walk_on_water_one_cm":5422,"minecraft:total_world_time":24000,"minecraft:fall_one_cm":13473},"minecraft:crafted":{"minecraft:wooden_sword":2,"minecraft:oak_planks":60,"minecraft:crafting_table":3,"minecraft:wooden_pickaxe":1,"minecraft:furnace":3,"minecraft:cooked_salmon":4,"minecraft:air":0,"minecraft:jungle_planks":20,"minecraft:flint_and_steel":1,"minecraft:shield":1,"minecraft:stick":16,"minecraft:iron_ingot":12,"minecraft:iron_pickaxe":2,"minecraft:stone_pickaxe":1,"minecraft:wooden_axe":2},"minecraft:used":{"minecraft:flint_and_steel":1,"minecraft:stone_pickaxe":68,"minecraft:wooden_pickaxe":7,"minecraft:cooked_salmon":2,"minecraft:dirt":7,"minecraft:crafting_table":5,"minecraft:wooden_axe":11,"minecraft:iron_pickaxe":262,"minecraft:wooden_sword":11,"minecraft:cobblestone":15,"minecraft:furnace":5},"minecraft:mined":{"minecraft:deepslate_diamond_ore":6,"minecraft:clay":9,"minecraft:crafting_table":4,"minecraft:granite":5,"minecraft:grass_block":2,"minecraft:jungle_log":5,"minecraft:diorite":29,"minecraft:furnace":5,"minecraft:iron_ore":12,"minecraft:fire":1,"minecraft:andesite":5,"minecraft:grass":12,"minecraft:oak_log":15,"minecraft:coal_ore":14,"minecraft:vine":1,"minecraft:dirt":5,"minecraft:gravel":6,"minecraft:stone":179,"minecraft:oak_leaves":7,"minecraft:deepslate":59,"minecraft:fern":1},"minecraft:dropped":{"minecraft:wheat_seeds":3,"minecraft:clay_ball":24,"minecraft:stone_pickaxe":1,"minecraft:wooden_pickaxe":1},"minecraft:killed_by":{"minecraft:player":3,"minecraft:zombie":1}},"DataVersion":3465}