{"stats":{"minecraft:broken":{"minecraft:iron_pickaxe":1},"minecraft:picked_up":{"minecraft:crafting_table":10,"minecraft:salmon":6,"minecraft:clay_ball":48,"minecraft:jungle_log":5,"minecraft:andesite":12,"minecraft:wooden_pickaxe":1,"minecraft:flint":1,"minecraft:tuff":16,"minecraft:oak_log":15,"minecraft:lapis_lazuli":26,"minecraft:string":1,"minecraft:dirt":7,"minecraft:cooked_salmon":2,"minecraft:bone":5,"minecraft:bow":1,"minecraft:wheat_seeds":3,"minecraft:cobbled_deepslate":587,"minecraft:player_head":1,"minecraft:furnace":8,"minecraft:stick":2,"minecraft:raw_iron":19,"minecraft:raw_iron_block":2,"minecraft:gravel":5,"minecraft:diorite":29,"minecraft:arrow":3,"minecraft:rotten_flesh":9,"minecraft:diamond":89,"minecraft:granite":9,"minecraft:bone_meal":1,"minecraft:gray_wool":1,"minecraft:oak_sapling":2,"minecraft:mutton":1,"minecraft:coal":39,"minecraft:cobblestone":212},"minecraft:killed":{"minecraft:salmon":6,"minecraft:spider":2,"minecraft:skeleton":1,"minecraft:sheep":1,"minecraft:zombie":9},"minecraft:custom":{"minecraft:interact_with_furnace":34,"minecraft:mob_kills":24,"minecraft:interact_with_crafting_table":27,"minecraft:time_since_death":54593,"minecraft:climb_one_cm":1470,"minecraft:time_since_rest":54617,"minecraft:sprint_one_cm":65150,"minecraft:damage_taken":1412,"minecraft:walk_one_cm":102671,"minecraft:damage_blocked_by_shield":260,"minecraft:drop":42,"minecraft:damage_dealt":2806,"minecraft:swim_one_cm":19378,"minecraft:fly_one_cm":81808,"minecraft:open_chest":10,"minecraft:crouch_one_cm":16667,"minecraft:play_time":60000,"minecraft:deaths":4,"minecraft:sneak_time":7985,"minecraft:walk_under_water_one_cm":6151,"minecraft:jump":765,"minecraft:walk_on_water_one_cm":8739,"minecraft:total_world_time":60000,"minecraft:fall_one_cm":21057},"minecraft:crafted":{"minecraft:wooden_sword":2,"minecraft:oak_planks":60,"minecraft:raw_iron":9,"minecraft:diamond_sword":1,"minecraft:diamond_axe":1,"minecraft:crafting_table":3,"minecraft:diamond_hoe":1,"minecraft:wooden_pickaxe":1,"minecraft:furnace":3,"minecraft:cooked_salmon":4,"minecraft:bucket":3,"minecraft:bread":2,"minecraft:air":0,"minecraft:jungle_planks":20,"minecraft:flint_and_steel":1,"minecraft:diamond_helmet":1,"minecraft:diamond_leggings":2,"minecraft:diamond_pickaxe":1,"minecraft:shield":1,"minecraft:stick":24,"minecraft:iron_ingot":28,"minecraft:iron_pickaxe":2,"minecraft:stone_pickaxe":1,"minecraft:wooden_axe":2,"minecraft:diamond_boots":1,"minecraft:diamond_chestplate":1},"minecraft:used":{"minecraft:water_bucket":3,"minecraft:flint_and_steel":6,"minecraft:stone_pickaxe":68,"minecraft:diamond_hoe":157,"minecraft:shield":9,"minecraft:wooden_pickaxe":7,"minecraft:diamond_axe":3,"minecraft:cooked_salmon":5,"minecraft:dirt":7,"minecraft:crafting_table":12,"minecraft:raw_iron_block":1,"minecraft:tuff":6,"minecraft:wooden_axe":14,"minecraft:diamond_pickaxe":546,"minecraft:lava_bucket":10,"minecraft:bread":2,"minecraft:iron_pickaxe":415,"minecraft:diamond_sword":19,"minecraft:wooden_sword":42,"minecraft:cobblestone":87,"minecraft:furnace":8,"minecraft:bucket":16,"minecraft:cobbled_deepslate":99},"minecraft:mined":{"minecraft:tuff":16,"minecraft:deepslate_diamond_ore":89,"minecraft:sculk_vein":7,"minecraft:clay":9,"minecraft:crafting_table":10,"minecraft:granite":9,"minecraft:grass_block":2,"minecraft:jungle_log":5,"minecraft:sculk_sensor":1,"minecraft:cobblestone":26,"minecraft:sculk":152,"minecraft:diorite":29,"minecraft:spawner":4,"minecraft:raw_iron_block":2,"minecraft:sculk_catalyst":1,"minecraft:furnace":8,"minecraft:iron_ore":12,"minecraft:fire":6,"minecraft:andesite":12,"minecraft:deepslate_lapis_ore":5,"minecraft:deepslate_iron_ore":7,"minecraft:grass":12,"minecraft:oak_log":15,"minecraft:coal_ore":14,"minecraft:vine":1,"minecraft:dirt":5,"minecraft:gravel":6,"minecraft:stone":188,"minecraft:player_head":1,"minecraft:oak_leaves":7,"minecraft:deepslate":591,"minecraft:fern":1},"minecraft:dropped":{"minecraft:gravel":5,"minecraft:wheat_seeds":3,"minecraft:cobbled_deepslate":463,"minecraft:golden_horse_armor":1,"minecraft:tuff":10,"minecraft:wheat":1,"minecraft:cobblestone":90,"minecraft:rotten_flesh":9,"minecraft:clay_ball":48,"minecraft:oak_planks":3,"minecraft:granite":8,"minecraft:stick":2,"minecraft:diorite":29,"minecraft:wooden_axe":1,"minecraft:andesite":5,"minecraft:bone_meal":1,"minecraft:wooden_sword":1,"minecraft:arrow":1,"minecraft:stone_pickaxe":1,"minecraft:wooden_pickaxe":1,"minecraft:string":1,"minecraft:bone":2},"minecraft:killed_by":{"minecraft:player":3,"minecraft:zombie":1}},"DataVersion":3465}