{"stats":{"minecraft:picked_up":{"minecraft:stick":2,"minecraft:crafting_table":2,"minecraft:salmon":6,"minecraft:wooden_pickaxe":1,"minecraft:oak_log":15,"minecraft:wheat_seeds":2,"minecraft:bone_meal":1,"minecraft:gray_wool":1,"minecraft:oak_sapling":2,"minecraft:mutton":1,"minecraft:cobblestone":7},"minecraft:killed":{"minecraft:sheep":1,"minecraft:salmon":6},"minecraft:custom":{"minecraft:time_since_rest":6617,"minecraft:sprint_one_cm":37351,"minecraft:damage_taken":1145,"minecraft:walk_one_cm":16031,"minecraft:mob_kills":7,"minecraft:drop":2,"minecraft:damage_dealt":531,"minecraft:swim_one_cm":15550,"minecraft:interact_with_crafting_table":5,"minecraft:fly_one_cm":52167,"minecraft:crouch_one_cm":51,"minecraft:play_time":12000,"minecraft:deaths":4,"minecraft:sneak_time":52,"minecraft:walk_under_water_one_cm":2798,"minecraft:jump":246,"minecraft:walk_on_water_one_cm":2962,"minecraft:time_since_death":6593,"minecraft:climb_one_cm":1470,"minecraft:total_world_time":12000,"minecraft:fall_one_cm":13473},"minecraft:crafted":{"minecraft:wooden_sword":2,"minecraft:oak_planks":60,"minecraft:crafting_table":3,"minecraft:stick":12,"minecraft:wooden_pickaxe":1,"minecraft:wooden_axe":2},"minecraft:used":{"minecraft:wooden_axe":2,"minecraft:wooden_pickaxe":7,"minecraft:wooden_sword":11,"minecraft:cobblestone":2,"minecraft:crafting_table":4},"minecraft:mined":{"minecraft:crafting_table":2,"minecraft:grass":8,"minecraft:oak_log":15,"minecraft:stone":7,"minecraft:oak_leaves":6,"minecraft:fern":1},"minecraft:dropped":{"minecraft:wheat_seeds":2},"minecraft:killed_by":{"minecraft:player":3,"minecraft:zombie":1}},"DataVersion":3465}