{"stats":{"minecraft:broken":{"minecraft:iron_pickaxe":1},"minecraft:picked_up":{"minecraft:crafting_table":11,"minecraft:salmon":7,"minecraft:clay_ball":48,"minecraft:jungle_log":5,"minecraft:andesite":17,"minecraft:wooden_pickaxe":1,"minecraft:smoker":1,"minecraft:flint":2,"minecraft:tuff":16,"minecraft:oak_log":23,"minecraft:lapis_lazuli":26,"minecraft:string":1,"minecraft:dirt":14,"minecraft:cooked_salmon":2,"minecraft:bone":5,"minecraft:bow":1,"minecraft:wheat_seeds":3,"minecraft:cobbled_deepslate":587,"minecraft:player_head":1,"minecraft:furnace":8,"minecraft:stick":2,"minecraft:raw_iron":19,"minecraft:sand":1,"minecraft:raw_iron_block":2,"minecraft:gravel":7,"minecraft:diorite":29,"minecraft:arrow":3,"minecraft:rotten_flesh":9,"minecraft:diamond":89,"minecraft:granite":12,"minecraft:bone_meal":1,"minecraft:gray_wool":1,"minecraft:cod":4,"minecraft:oak_sapling":2,"minecraft:mutton":1,"minecraft:coal":43,"minecraft:cobblestone":320},"minecraft:killed":{"minecraft:salmon":7,"minecraft:spider":2,"minecraft:cod":4,"minecraft:skeleton":1,"minecraft:sheep":1,"minecraft:zombie":9},"minecraft:custom":{"minecraft:interact_with_furnace":34,"minecraft:mob_kills":29,"minecraft:interact_with_crafting_table":28,"minecraft:time_since_death":66593,"minecraft:climb_one_cm":3164,"minecraft:time_since_rest":66617,"minecraft:sprint_one_cm":93801,"minecraft:damage_taken":1790,"minecraft:walk_one_cm":113429,"minecraft:damage_blocked_by_shield":260,"minecraft:drop":52,"minecraft:damage_dealt":2956,"minecraft:swim_one_cm":56523,"minecraft:fly_one_cm":131302,"minecraft:open_chest":10,"minecraft:crouch_one_cm":16926,"minecraft:play_time":72000,"minecraft:deaths":4,"minecraft:sneak_time":8099,"minecraft:walk_under_water_one_cm":12563,"minecraft:jump":1163,"minecraft:walk_on_water_one_cm":15793,"minecraft:interact_with_smoker":4,"minecraft:total_world_time":72000,"minecraft:fall_one_cm":32654},"minecraft:crafted":{"minecraft:wooden_sword":2,"minecraft:cooked_cod":4,"minecraft:oak_planks":60,"minecraft:raw_iron":9,"minecraft:diamond_sword":1,"minecraft:diamond_axe":1,"minecraft:crafting_table":4,"minecraft:diamond_hoe":1,"minecraft:wooden_pickaxe":1,"minecraft:furnace":3,"minecraft:cooked_salmon":5,"minecraft:bucket":3,"minecraft:bread":2,"minecraft:air":0,"minecraft:jungle_planks":20,"minecraft:flint_and_steel":1,"minecraft:diamond_helmet":1,"minecraft:diamond_leggings":2,"minecraft:diamond_pickaxe":1,"minecraft:shield":1,"minecraft:stick":24,"minecraft:iron_ingot":28,"minecraft:iron_pickaxe":2,"minecraft:stone_pickaxe":1,"minecraft:wooden_axe":2,"minecraft:diamond_boots":1,"minecraft:diamond_chestplate":1,"minecraft:smoker":1},"minecraft:used":{"minecraft:water_bucket":8,"minecraft:flint_and_steel":7,"minecraft:stone_pickaxe":68,"minecraft:diamond_hoe":157,"minecraft:shield":9,"minecraft:wooden_pickaxe":7,"minecraft:diamond_axe":9,"minecraft:cooked_salmon":7,"minecraft:dirt":8,"minecraft:crafting_table":13,"minecraft:raw_iron_block":1,"minecraft:tuff":6,"minecraft:smoker":1,"minecraft:wooden_axe":14,"minecraft:diamond_pickaxe":668,"minecraft:lava_bucket":10,"minecraft:bread":2,"minecraft:iron_pickaxe":415,"minecraft:pufferfish_bucket":1,"minecraft:diamond_sword":27,"minecraft:wooden_sword":42,"minecraft:cobblestone":160,"minecraft:furnace":8,"minecraft:cooked_cod":4,"minecraft:bucket":23,"minecraft:tropical_fish_bucket":1,"minecraft:cobbled_deepslate":121},"minecraft:mined":{"minecraft:tuff":16,"minecraft:deepslate_diamond_ore":89,"minecraft:jungle_leaves":1,"minecraft:smoker":1,"minecraft:sculk_vein":7,"minecraft:clay":9,"minecraft:crafting_table":11,"minecraft:granite":12,"minecraft:grass_block":4,"minecraft:jungle_log":5,"minecraft:sculk_sensor":1,"minecraft:cobblestone":26,"minecraft:sculk":152,"minecraft:diorite":29,"minecraft:spawner":4,"minecraft:raw_iron_block":2,"minecraft:sculk_catalyst":1,"minecraft:furnace":8,"minecraft:iron_ore":12,"minecraft:fire":7,"minecraft:andesite":17,"minecraft:deepslate_lapis_ore":5,"minecraft:deepslate_iron_ore":7,"minecraft:grass":14,"minecraft:oak_log":20,"minecraft:coal_ore":14,"minecraft:vine":1,"minecraft:sand":1,"minecraft:dirt":10,"minecraft:gravel":9,"minecraft:stone":295,"minecraft:player_head":1,"minecraft:oak_leaves":8,"minecraft:deepslate":591,"minecraft:fern":2},"minecraft:dropped":{"minecraft:gravel":7,"minecraft:wheat_seeds":3,"minecraft:oak_log":4,"minecraft:cobbled_deepslate":465,"minecraft:golden_horse_armor":1,"minecraft:tuff":10,"minecraft:wheat":1,"minecraft:cobblestone":90,"minecraft:rotten_flesh":9,"minecraft:clay_ball":48,"minecraft:oak_planks":3,"minecraft:granite":12,"minecraft:stick":2,"minecraft:dirt":6,"minecraft:diorite":29,"minecraft:wooden_axe":1,"minecraft:andesite":17,"minecraft:bone_meal":1,"minecraft:wooden_sword":1,"minecraft:sand":1,"minecraft:arrow":1,"minecraft:stone_pickaxe":1,"minecraft:wooden_pickaxe":1,"minecraft:string":1,"minecraft:bone":2},"minecraft:killed_by":{"minecraft:player":3,"minecraft:zombie":1}},"DataVersion":3465}