{"stats":{"minecraft:picked_up":{"minecraft:birch_log":6,"minecraft:crafting_table":8,"minecraft:oak_log":33,"minecraft:lapis_lazuli":6,"minecraft:string":2,"minecraft:dirt":12,"minecraft:cooked_mutton":1,"minecraft:bone":2,"minecraft:bow":1,"minecraft:iron_ingot":5,"minecraft:beef":3,"minecraft:oak_boat":1,"minecraft:melon_slice":27,"minecraft:oak_planks":1,"minecraft:furnace":5,"minecraft:stick":3,"minecraft:raw_iron":31,"minecraft:gravel":1,"minecraft:dripstone_block":2,"minecraft:porkchop":15,"minecraft:pointed_dripstone":3,"minecraft:spider_eye":2,"minecraft:arrow":4,"minecraft:rotten_flesh":3,"minecraft:diamond":1,"minecraft:hay_block":3,"minecraft:oak_sapling":3,"minecraft:mutton":13,"minecraft:coal":44,"minecraft:cobblestone":77,"minecraft:white_wool":7},"minecraft:killed":{"minecraft:pig":7,"minecraft:spider":1,"minecraft:skeleton":2,"minecraft:sheep":7,"minecraft:zombie":5,"minecraft:cow":2},"minecraft:custom":{"minecraft:interact_with_furnace":45,"minecraft:mob_kills":25,"minecraft:interact_with_crafting_table":24,"minecraft:leave_game":1,"minecraft:time_since_death":3692,"minecraft:climb_one_cm":1195,"minecraft:time_since_rest":3721,"minecraft:sprint_one_cm":173111,"minecraft:damage_taken":2780,"minecraft:walk_one_cm":79895,"minecraft:damage_blocked_by_shield":597,"minecraft:drop":8,"minecraft:damage_dealt":3715,"minecraft:player_kills":2,"minecraft:swim_one_cm":17780,"minecraft:fly_one_cm":229281,"minecraft:crouch_one_cm":6718,"minecraft:play_time":43651,"minecraft:deaths":5,"minecraft:sneak_time":2709,"minecraft:walk_under_water_one_cm":9082,"minecraft:jump":1305,"minecraft:walk_on_water_one_cm":8458,"minecraft:total_world_time":43651,"minecraft:fall_one_cm":66102},"minecraft:crafted":{"minecraft:cooked_beef":3,"minecraft:wooden_sword":2,"minecraft:oak_planks":88,"minecraft:cooked_porkchop":13,"minecraft:crafting_table":3,"minecraft:wooden_pickaxe":2,"minecraft:furnace":5,"minecraft:bucket":1,"minecraft:birch_planks":24,"minecraft:stone_axe":2,"minecraft:bread":9,"minecraft:air":0,"minecraft:oak_boat":1,"minecraft:shield":2,"minecraft:iron_axe":2,"minecraft:stick":24,"minecraft:iron_ingot":24,"minecraft:iron_pickaxe":1,"minecraft:stone_pickaxe":2,"minecraft:wheat":27},"minecraft:used":{"minecraft:cooked_mutton":1,"minecraft:water_bucket":7,"minecraft:birch_planks":2,"minecraft:stone_pickaxe":106,"minecraft:oak_planks":30,"minecraft:wooden_pickaxe":34,"minecraft:shield":8,"minecraft:rotten_flesh":1,"minecraft:white_wool":5,"minecraft:dirt":10,"minecraft:mutton":4,"minecraft:crafting_table":8,"minecraft:bread":5,"minecraft:iron_axe":16,"minecraft:melon_slice":9,"minecraft:iron_pickaxe":3,"minecraft:stone_axe":63,"minecraft:wooden_sword":33,"minecraft:cobblestone":17,"minecraft:cooked_porkchop":5,"minecraft:furnace":6,"minecraft:porkchop":2,"minecraft:bucket":8,"minecraft:oak_boat":1,"minecraft:cooked_beef":3},"minecraft:dropped":{"minecraft:dirt":2,"minecraft:oak_sapling":3,"minecraft:spider_eye":2,"minecraft:wooden_pickaxe":1},"minecraft:mined":{"minecraft:diamond_ore":1,"minecraft:crafting_table":8,"minecraft:grass_block":3,"minecraft:melon":6,"minecraft:lapis_ore":1,"minecraft:oak_planks":1,"minecraft:hay_block":4,"minecraft:furnace":6,"minecraft:birch_log":5,"minecraft:iron_ore":31,"minecraft:oak_log":33,"minecraft:coal_ore":27,"minecraft:gravel":1,"minecraft:dirt":8,"minecraft:stone":75,"minecraft:oak_leaves":1},"minecraft:killed_by":{"minecraft:player":1,"minecraft:skeleton":1,"minecraft:creeper":2}},"DataVersion":3465}