{"stats":{"minecraft:broken":{"minecraft:stone_pickaxe":1},"minecraft:picked_up":{"minecraft:birch_log":11,"minecraft:crafting_table":9,"minecraft:andesite":7,"minecraft:salmon":1,"minecraft:leather":4,"minecraft:birch_planks":1,"minecraft:oak_log":38,"minecraft:lapis_lazuli":6,"minecraft:string":2,"minecraft:dirt":18,"minecraft:cooked_mutton":1,"minecraft:bone":2,"minecraft:apple":1,"minecraft:bow":1,"minecraft:wheat_seeds":1,"minecraft:iron_ingot":5,"minecraft:beef":18,"minecraft:oak_boat":1,"minecraft:melon_slice":34,"minecraft:oak_planks":1,"minecraft:furnace":5,"minecraft:stick":3,"minecraft:raw_iron":139,"minecraft:gravel":1,"minecraft:dripstone_block":2,"minecraft:porkchop":15,"minecraft:pointed_dripstone":3,"minecraft:spider_eye":2,"minecraft:arrow":4,"minecraft:rotten_flesh":6,"minecraft:diamond":1,"minecraft:hay_block":3,"minecraft:oak_sapling":3,"minecraft:mutton":15,"minecraft:coal":57,"minecraft:cobblestone":161,"minecraft:white_wool":8},"minecraft:killed":{"minecraft:pig":7,"minecraft:spider":1,"minecraft:skeleton":2,"minecraft:sheep":8,"minecraft:zombie":8,"minecraft:cow":10},"minecraft:custom":{"minecraft:interact_with_furnace":82,"minecraft:mob_kills":37,"minecraft:interact_with_crafting_table":33,"minecraft:leave_game":1,"minecraft:time_since_death":23155,"minecraft:climb_one_cm":2154,"minecraft:time_since_rest":23271,"minecraft:sprint_one_cm":271231,"minecraft:damage_taken":3650,"minecraft:walk_one_cm":131671,"minecraft:damage_blocked_by_shield":597,"minecraft:drop":9,"minecraft:damage_dealt":5713,"minecraft:player_kills":2,"minecraft:swim_one_cm":25602,"minecraft:fly_one_cm":409692,"minecraft:crouch_one_cm":10278,"minecraft:play_time":79651,"minecraft:deaths":6,"minecraft:sneak_time":3861,"minecraft:walk_under_water_one_cm":12853,"minecraft:jump":2289,"minecraft:walk_on_water_one_cm":12034,"minecraft:total_world_time":79651,"minecraft:fall_one_cm":99039},"minecraft:crafted":{"minecraft:cooked_beef":9,"minecraft:wooden_sword":2,"minecraft:oak_planks":108,"minecraft:cooked_porkchop":13,"minecraft:crafting_table":4,"minecraft:iron_helmet":1,"minecraft:wooden_pickaxe":3,"minecraft:iron_sword":1,"minecraft:furnace":8,"minecraft:bucket":1,"minecraft:birch_planks":44,"minecraft:stone_axe":3,"minecraft:bread":9,"minecraft:air":0,"minecraft:oak_boat":1,"minecraft:iron_boots":1,"minecraft:iron_chestplate":1,"minecraft:shield":3,"minecraft:iron_axe":3,"minecraft:stick":36,"minecraft:iron_ingot":60,"minecraft:iron_pickaxe":2,"minecraft:stone_pickaxe":3,"minecraft:iron_leggings":1,"minecraft:wheat":27},"minecraft:used":{"minecraft:cooked_mutton":1,"minecraft:water_bucket":7,"minecraft:birch_planks":6,"minecraft:stone_pickaxe":237,"minecraft:oak_planks":37,"minecraft:wooden_pickaxe":42,"minecraft:shield":8,"minecraft:rotten_flesh":1,"minecraft:salmon":1,"minecraft:white_wool":5,"minecraft:dirt":16,"minecraft:mutton":6,"minecraft:crafting_table":11,"minecraft:bread":5,"minecraft:iron_axe":16,"minecraft:melon_slice":29,"minecraft:iron_pickaxe":79,"minecraft:stone_axe":93,"minecraft:wooden_sword":50,"minecraft:cobblestone":41,"minecraft:beef":9,"minecraft:cooked_porkchop":5,"minecraft:furnace":9,"minecraft:porkchop":2,"minecraft:andesite":7,"minecraft:bucket":8,"minecraft:oak_boat":1,"minecraft:cooked_beef":5},"minecraft:dropped":{"minecraft:stone_axe":1,"minecraft:dirt":2,"minecraft:oak_sapling":3,"minecraft:spider_eye":2,"minecraft:wooden_pickaxe":1},"minecraft:mined":{"minecraft:diamond_ore":1,"minecraft:crafting_table":9,"minecraft:grass_block":6,"minecraft:melon":8,"minecraft:lapis_ore":1,"minecraft:oak_planks":1,"minecraft:hay_block":4,"minecraft:birch_planks":1,"minecraft:furnace":6,"minecraft:birch_log":10,"minecraft:iron_ore":140,"minecraft:birch_leaves":1,"minecraft:andesite":7,"minecraft:grass":2,"minecraft:oak_log":38,"minecraft:coal_ore":40,"minecraft:gravel":1,"minecraft:dirt":11,"minecraft:stone":160,"minecraft:fern":1,"minecraft:oak_leaves":8},"minecraft:killed_by":{"minecraft:warden":1,"minecraft:player":1,"minecraft:skeleton":1,"minecraft:creeper":2}},"DataVersion":3465}