{"stats":{"minecraft:picked_up":{"minecraft:birch_log":6,"minecraft:crafting_table":8,"minecraft:oak_log":33,"minecraft:lapis_lazuli":6,"minecraft:string":2,"minecraft:dirt":17,"minecraft:cooked_mutton":1,"minecraft:bone":2,"minecraft:apple":1,"minecraft:bow":1,"minecraft:wheat_seeds":1,"minecraft:iron_ingot":5,"minecraft:beef":3,"minecraft:oak_boat":1,"minecraft:melon_slice":34,"minecraft:oak_planks":1,"minecraft:furnace":5,"minecraft:stick":3,"minecraft:raw_iron":31,"minecraft:gravel":1,"minecraft:dripstone_block":2,"minecraft:porkchop":15,"minecraft:pointed_dripstone":3,"minecraft:spider_eye":2,"minecraft:arrow":4,"minecraft:rotten_flesh":3,"minecraft:diamond":1,"minecraft:hay_block":3,"minecraft:oak_sapling":3,"minecraft:mutton":13,"minecraft:coal":44,"minecraft:cobblestone":77,"minecraft:white_wool":7},"minecraft:killed":{"minecraft:pig":7,"minecraft:spider":1,"minecraft:skeleton":2,"minecraft:sheep":7,"minecraft:zombie":5,"minecraft:cow":2},"minecraft:custom":{"minecraft:interact_with_furnace":45,"minecraft:mob_kills":25,"minecraft:interact_with_crafting_table":24,"minecraft:leave_game":1,"minecraft:time_since_death":15692,"minecraft:climb_one_cm":1916,"minecraft:time_since_rest":15721,"minecraft:sprint_one_cm":218252,"minecraft:damage_taken":3140,"minecraft:walk_one_cm":96441,"minecraft:damage_blocked_by_shield":597,"minecraft:drop":8,"minecraft:damage_dealt":3832,"minecraft:player_kills":2,"minecraft:swim_one_cm":21632,"minecraft:fly_one_cm":305508,"minecraft:crouch_one_cm":8354,"minecraft:play_time":55651,"minecraft:deaths":5,"minecraft:sneak_time":3251,"minecraft:walk_under_water_one_cm":11573,"minecraft:jump":1653,"minecraft:walk_on_water_one_cm":11442,"minecraft:total_world_time":55651,"minecraft:fall_one_cm":78895},"minecraft:crafted":{"minecraft:cooked_beef":3,"minecraft:wooden_sword":2,"minecraft:oak_planks":88,"minecraft:cooked_porkchop":13,"minecraft:crafting_table":3,"minecraft:wooden_pickaxe":2,"minecraft:furnace":5,"minecraft:bucket":1,"minecraft:birch_planks":24,"minecraft:stone_axe":2,"minecraft:bread":9,"minecraft:air":0,"minecraft:oak_boat":1,"minecraft:shield":2,"minecraft:iron_axe":2,"minecraft:stick":24,"minecraft:iron_ingot":24,"minecraft:iron_pickaxe":1,"minecraft:stone_pickaxe":2,"minecraft:wheat":27},"minecraft:used":{"minecraft:cooked_mutton":1,"minecraft:water_bucket":7,"minecraft:birch_planks":2,"minecraft:stone_pickaxe":106,"minecraft:oak_planks":30,"minecraft:wooden_pickaxe":34,"minecraft:shield":8,"minecraft:rotten_flesh":1,"minecraft:white_wool":5,"minecraft:dirt":15,"minecraft:mutton":4,"minecraft:crafting_table":9,"minecraft:bread":5,"minecraft:iron_axe":16,"minecraft:melon_slice":29,"minecraft:iron_pickaxe":3,"minecraft:stone_axe":63,"minecraft:wooden_sword":40,"minecraft:cobblestone":17,"minecraft:cooked_porkchop":5,"minecraft:furnace":6,"minecraft:porkchop":2,"minecraft:bucket":8,"minecraft:oak_boat":1,"minecraft:cooked_beef":3},"minecraft:dropped":{"minecraft:dirt":2,"minecraft:oak_sapling":3,"minecraft:spider_eye":2,"minecraft:wooden_pickaxe":1},"minecraft:mined":{"minecraft:diamond_ore":1,"minecraft:crafting_table":8,"minecraft:grass_block":5,"minecraft:melon":8,"minecraft:lapis_ore":1,"minecraft:oak_planks":1,"minecraft:hay_block":4,"minecraft:furnace":6,"minecraft:birch_log":5,"minecraft:iron_ore":31,"minecraft:grass":1,"minecraft:oak_log":33,"minecraft:coal_ore":27,"minecraft:gravel":1,"minecraft:dirt":11,"minecraft:stone":75,"minecraft:fern":1,"minecraft:oak_leaves":3},"minecraft:killed_by":{"minecraft:player":1,"minecraft:skeleton":1,"minecraft:creeper":2}},"DataVersion":3465}