{"stats":{"minecraft:broken":{"minecraft:stone_pickaxe":1},"minecraft:picked_up":{"minecraft:birch_log":11,"minecraft:crafting_table":11,"minecraft:andesite":7,"minecraft:salmon":1,"minecraft:leather":4,"minecraft:birch_planks":1,"minecraft:tuff":5,"minecraft:oak_log":44,"minecraft:lapis_lazuli":6,"minecraft:string":2,"minecraft:dirt":24,"minecraft:cooked_mutton":1,"minecraft:bone":2,"minecraft:apple":1,"minecraft:bow":1,"minecraft:wheat_seeds":1,"minecraft:cobbled_deepslate":101,"minecraft:iron_ingot":20,"minecraft:beef":18,"minecraft:oak_boat":1,"minecraft:melon_slice":34,"minecraft:oak_planks":1,"minecraft:furnace":8,"minecraft:stick":3,"minecraft:raw_iron":154,"minecraft:gravel":1,"minecraft:dripstone_block":5,"minecraft:porkchop":15,"minecraft:pointed_dripstone":3,"minecraft:spider_eye":2,"minecraft:arrow":4,"minecraft:rotten_flesh":6,"minecraft:diamond":21,"minecraft:hay_block":3,"minecraft:emerald":1,"minecraft:oak_sapling":3,"minecraft:mutton":17,"minecraft:coal":57,"minecraft:cobblestone":164,"minecraft:white_wool":9},"minecraft:killed":{"minecraft:pig":7,"minecraft:spider":1,"minecraft:skeleton":2,"minecraft:sheep":8,"minecraft:zombie":8,"minecraft:cow":10},"minecraft:custom":{"minecraft:interact_with_furnace":82,"minecraft:mob_kills":37,"minecraft:interact_with_crafting_table":34,"minecraft:leave_game":2,"minecraft:time_since_death":32567,"minecraft:climb_one_cm":2154,"minecraft:time_since_rest":32683,"minecraft:sprint_one_cm":291521,"minecraft:damage_taken":3910,"minecraft:walk_one_cm":147430,"minecraft:damage_blocked_by_shield":597,"minecraft:drop":9,"minecraft:damage_dealt":5713,"minecraft:player_kills":2,"minecraft:swim_one_cm":26007,"minecraft:fly_one_cm":455160,"minecraft:crouch_one_cm":10746,"minecraft:play_time":89063,"minecraft:deaths":6,"minecraft:sneak_time":4061,"minecraft:walk_under_water_one_cm":22355,"minecraft:jump":2457,"minecraft:walk_on_water_one_cm":13222,"minecraft:total_world_time":89063,"minecraft:fall_one_cm":113378},"minecraft:crafted":{"minecraft:cooked_beef":9,"minecraft:wooden_sword":2,"minecraft:oak_planks":108,"minecraft:cooked_porkchop":13,"minecraft:crafting_table":4,"minecraft:iron_helmet":1,"minecraft:wooden_pickaxe":3,"minecraft:iron_sword":1,"minecraft:furnace":8,"minecraft:bucket":2,"minecraft:birch_planks":44,"minecraft:stone_axe":3,"minecraft:bread":9,"minecraft:air":0,"minecraft:oak_boat":1,"minecraft:iron_boots":1,"minecraft:iron_chestplate":1,"minecraft:shield":3,"minecraft:iron_axe":3,"minecraft:stick":36,"minecraft:iron_ingot":60,"minecraft:iron_pickaxe":2,"minecraft:stone_pickaxe":3,"minecraft:iron_leggings":1,"minecraft:wheat":27},"minecraft:used":{"minecraft:cooked_mutton":1,"minecraft:water_bucket":10,"minecraft:birch_planks":6,"minecraft:stone_pickaxe":237,"minecraft:oak_planks":37,"minecraft:wooden_pickaxe":42,"minecraft:shield":8,"minecraft:rotten_flesh":1,"minecraft:salmon":1,"minecraft:white_wool":5,"minecraft:dirt":16,"minecraft:mutton":6,"minecraft:crafting_table":12,"minecraft:bread":5,"minecraft:iron_axe":25,"minecraft:melon_slice":29,"minecraft:iron_pickaxe":237,"minecraft:stone_axe":93,"minecraft:wooden_sword":50,"minecraft:cobblestone":50,"minecraft:beef":9,"minecraft:cooked_porkchop":5,"minecraft:furnace":9,"minecraft:porkchop":2,"minecraft:andesite":7,"minecraft:bucket":12,"minecraft:oak_boat":1,"minecraft:cooked_beef":8},"minecraft:dropped":{"minecraft:stone_axe":1,"minecraft:dirt":2,"minecraft:oak_sapling":3,"minecraft:spider_eye":2,"minecraft:wooden_pickaxe":1},"minecraft:mined":{"minecraft:diamond_ore":1,"minecraft:tuff":5,"minecraft:deepslate_diamond_ore":20,"minecraft:crafting_table":11,"minecraft:emerald_ore":1,"minecraft:grass_block":6,"minecraft:melon":8,"minecraft:lapis_ore":1,"minecraft:oak_planks":1,"minecraft:sculk":1,"minecraft:hay_block":4,"minecraft:birch_planks":1,"minecraft:furnace":9,"minecraft:birch_log":10,"minecraft:iron_ore":155,"minecraft:birch_leaves":1,"minecraft:andesite":7,"minecraft:grass":2,"minecraft:oak_log":44,"minecraft:coal_ore":40,"minecraft:dripstone_block":3,"minecraft:gravel":1,"minecraft:dirt":17,"minecraft:stone":163,"minecraft:deepslate":101,"minecraft:fern":1,"minecraft:oak_leaves":9},"minecraft:killed_by":{"minecraft:warden":1,"minecraft:player":1,"minecraft:skeleton":1,"minecraft:creeper":2}},"DataVersion":3465}