{"stats":{"minecraft:picked_up":{"minecraft:birch_log":6,"minecraft:crafting_table":6,"minecraft:oak_log":31,"minecraft:string":2,"minecraft:dirt":12,"minecraft:cooked_mutton":1,"minecraft:bone":2,"minecraft:bow":1,"minecraft:iron_ingot":5,"minecraft:beef":3,"minecraft:oak_boat":1,"minecraft:melon_slice":5,"minecraft:oak_planks":1,"minecraft:furnace":3,"minecraft:stick":3,"minecraft:raw_iron":17,"minecraft:dripstone_block":2,"minecraft:porkchop":15,"minecraft:pointed_dripstone":3,"minecraft:spider_eye":2,"minecraft:arrow":4,"minecraft:rotten_flesh":3,"minecraft:hay_block":3,"minecraft:oak_sapling":3,"minecraft:mutton":13,"minecraft:coal":15,"minecraft:cobblestone":66,"minecraft:white_wool":7},"minecraft:killed":{"minecraft:pig":7,"minecraft:spider":1,"minecraft:skeleton":2,"minecraft:sheep":7,"minecraft:zombie":4,"minecraft:cow":2},"minecraft:custom":{"minecraft:interact_with_furnace":36,"minecraft:mob_kills":24,"minecraft:interact_with_crafting_table":18,"minecraft:leave_game":1,"minecraft:time_since_death":13415,"minecraft:climb_one_cm":184,"minecraft:time_since_rest":13442,"minecraft:sprint_one_cm":119391,"minecraft:damage_taken":1920,"minecraft:walk_one_cm":59370,"minecraft:damage_blocked_by_shield":267,"minecraft:drop":8,"minecraft:damage_dealt":3007,"minecraft:swim_one_cm":14375,"minecraft:fly_one_cm":156918,"minecraft:crouch_one_cm":5195,"minecraft:play_time":31651,"minecraft:deaths":4,"minecraft:sneak_time":2034,"minecraft:walk_under_water_one_cm":2051,"minecraft:jump":929,"minecraft:walk_on_water_one_cm":3291,"minecraft:total_world_time":31651,"minecraft:fall_one_cm":47612},"minecraft:crafted":{"minecraft:cooked_beef":3,"minecraft:wooden_sword":1,"minecraft:oak_planks":80,"minecraft:cooked_porkchop":13,"minecraft:crafting_table":2,"minecraft:wooden_pickaxe":2,"minecraft:furnace":4,"minecraft:bucket":1,"minecraft:birch_planks":4,"minecraft:stone_axe":2,"minecraft:bread":9,"minecraft:air":0,"minecraft:oak_boat":1,"minecraft:shield":2,"minecraft:iron_axe":2,"minecraft:stick":20,"minecraft:iron_ingot":12,"minecraft:stone_pickaxe":2,"minecraft:wheat":27},"minecraft:used":{"minecraft:cooked_mutton":1,"minecraft:water_bucket":2,"minecraft:stone_pickaxe":66,"minecraft:oak_planks":29,"minecraft:wooden_pickaxe":34,"minecraft:shield":6,"minecraft:rotten_flesh":1,"minecraft:white_wool":5,"minecraft:dirt":8,"minecraft:mutton":4,"minecraft:crafting_table":6,"minecraft:bread":5,"minecraft:iron_axe":13,"minecraft:melon_slice":3,"minecraft:stone_axe":61,"minecraft:wooden_sword":25,"minecraft:cobblestone":16,"minecraft:cooked_porkchop":2,"minecraft:furnace":4,"minecraft:porkchop":2,"minecraft:bucket":3,"minecraft:oak_boat":1,"minecraft:cooked_beef":3},"minecraft:dropped":{"minecraft:dirt":2,"minecraft:oak_sapling":3,"minecraft:spider_eye":2,"minecraft:wooden_pickaxe":1},"minecraft:mined":{"minecraft:crafting_table":6,"minecraft:grass_block":3,"minecraft:melon":1,"minecraft:oak_planks":1,"minecraft:hay_block":4,"minecraft:furnace":4,"minecraft:birch_log":5,"minecraft:iron_ore":17,"minecraft:oak_log":31,"minecraft:coal_ore":12,"minecraft:dirt":8,"minecraft:stone":66,"minecraft:oak_leaves":1},"minecraft:killed_by":{"minecraft:player":1,"minecraft:creeper":2}},"DataVersion":3465}