{"stats":{"minecraft:picked_up":{"minecraft:birch_log":11,"minecraft:crafting_table":9,"minecraft:andesite":7,"minecraft:salmon":1,"minecraft:leather":4,"minecraft:oak_log":38,"minecraft:lapis_lazuli":6,"minecraft:string":2,"minecraft:dirt":18,"minecraft:cooked_mutton":1,"minecraft:bone":2,"minecraft:apple":1,"minecraft:bow":1,"minecraft:wheat_seeds":1,"minecraft:iron_ingot":5,"minecraft:beef":18,"minecraft:oak_boat":1,"minecraft:melon_slice":34,"minecraft:oak_planks":1,"minecraft:furnace":5,"minecraft:stick":3,"minecraft:raw_iron":47,"minecraft:gravel":1,"minecraft:dripstone_block":2,"minecraft:porkchop":15,"minecraft:pointed_dripstone":3,"minecraft:spider_eye":2,"minecraft:arrow":4,"minecraft:rotten_flesh":6,"minecraft:diamond":1,"minecraft:hay_block":3,"minecraft:oak_sapling":3,"minecraft:mutton":15,"minecraft:coal":54,"minecraft:cobblestone":133,"minecraft:white_wool":8},"minecraft:killed":{"minecraft:pig":7,"minecraft:spider":1,"minecraft:skeleton":2,"minecraft:sheep":8,"minecraft:zombie":8,"minecraft:cow":10},"minecraft:custom":{"minecraft:interact_with_furnace":48,"minecraft:mob_kills":37,"minecraft:interact_with_crafting_table":27,"minecraft:leave_game":1,"minecraft:time_since_death":11155,"minecraft:climb_one_cm":2154,"minecraft:time_since_rest":11271,"minecraft:sprint_one_cm":254247,"minecraft:damage_taken":3570,"minecraft:walk_one_cm":116764,"minecraft:damage_blocked_by_shield":597,"minecraft:drop":8,"minecraft:damage_dealt":5713,"minecraft:player_kills":2,"minecraft:swim_one_cm":25602,"minecraft:fly_one_cm":365437,"minecraft:crouch_one_cm":9702,"minecraft:play_time":67651,"minecraft:deaths":6,"minecraft:sneak_time":3687,"minecraft:walk_under_water_one_cm":12853,"minecraft:jump":2050,"minecraft:walk_on_water_one_cm":12034,"minecraft:total_world_time":67651,"minecraft:fall_one_cm":89068},"minecraft:crafted":{"minecraft:cooked_beef":3,"minecraft:wooden_sword":2,"minecraft:oak_planks":108,"minecraft:cooked_porkchop":13,"minecraft:crafting_table":4,"minecraft:wooden_pickaxe":3,"minecraft:furnace":8,"minecraft:bucket":1,"minecraft:birch_planks":44,"minecraft:stone_axe":3,"minecraft:bread":9,"minecraft:air":0,"minecraft:oak_boat":1,"minecraft:shield":2,"minecraft:iron_axe":2,"minecraft:stick":36,"minecraft:iron_ingot":24,"minecraft:iron_pickaxe":1,"minecraft:stone_pickaxe":3,"minecraft:wheat":27},"minecraft:used":{"minecraft:cooked_mutton":1,"minecraft:water_bucket":7,"minecraft:birch_planks":2,"minecraft:stone_pickaxe":188,"minecraft:oak_planks":37,"minecraft:wooden_pickaxe":42,"minecraft:shield":8,"minecraft:rotten_flesh":1,"minecraft:salmon":1,"minecraft:white_wool":5,"minecraft:dirt":16,"minecraft:mutton":6,"minecraft:crafting_table":11,"minecraft:bread":5,"minecraft:iron_axe":16,"minecraft:melon_slice":29,"minecraft:iron_pickaxe":3,"minecraft:stone_axe":93,"minecraft:wooden_sword":50,"minecraft:cobblestone":38,"minecraft:beef":9,"minecraft:cooked_porkchop":5,"minecraft:furnace":9,"minecraft:porkchop":2,"minecraft:andesite":7,"minecraft:bucket":8,"minecraft:oak_boat":1,"minecraft:cooked_beef":3},"minecraft:dropped":{"minecraft:dirt":2,"minecraft:oak_sapling":3,"minecraft:spider_eye":2,"minecraft:wooden_pickaxe":1},"minecraft:mined":{"minecraft:diamond_ore":1,"minecraft:crafting_table":9,"minecraft:grass_block":6,"minecraft:melon":8,"minecraft:lapis_ore":1,"minecraft:oak_planks":1,"minecraft:hay_block":4,"minecraft:furnace":6,"minecraft:birch_log":10,"minecraft:iron_ore":47,"minecraft:birch_leaves":1,"minecraft:andesite":7,"minecraft:grass":2,"minecraft:oak_log":38,"minecraft:coal_ore":37,"minecraft:gravel":1,"minecraft:dirt":11,"minecraft:stone":132,"minecraft:fern":1,"minecraft:oak_leaves":8},"minecraft:killed_by":{"minecraft:warden":1,"minecraft:player":1,"minecraft:skeleton":1,"minecraft:creeper":2}},"DataVersion":3465}