{"stats":{"minecraft:picked_up":{"minecraft:birch_log":1,"minecraft:crafting_table":2,"minecraft:stick":3,"minecraft:raw_iron":9,"minecraft:oak_log":9,"minecraft:dirt":3,"minecraft:oak_boat":1,"minecraft:oak_sapling":3,"minecraft:cobblestone":22},"minecraft:custom":{"minecraft:time_since_rest":5630,"minecraft:sprint_one_cm":29989,"minecraft:damage_taken":355,"minecraft:walk_one_cm":15308,"minecraft:drop":6,"minecraft:damage_dealt":93,"minecraft:interact_with_crafting_table":8,"minecraft:fly_one_cm":24597,"minecraft:crouch_one_cm":663,"minecraft:play_time":7651,"minecraft:deaths":1,"minecraft:sneak_time":271,"minecraft:walk_under_water_one_cm":1380,"minecraft:jump":146,"minecraft:leave_game":1,"minecraft:walk_on_water_one_cm":57,"minecraft:time_since_death":5605,"minecraft:total_world_time":7651,"minecraft:fall_one_cm":6769},"minecraft:crafted":{"minecraft:wooden_sword":1,"minecraft:oak_boat":1,"minecraft:oak_planks":36,"minecraft:stick":4,"minecraft:wooden_pickaxe":1,"minecraft:stone_pickaxe":1,"minecraft:birch_planks":4,"minecraft:stone_axe":1},"minecraft:used":{"minecraft:stone_pickaxe":24,"minecraft:wooden_pickaxe":7,"minecraft:stone_axe":11,"minecraft:dirt":1,"minecraft:crafting_table":2,"minecraft:oak_boat":1},"minecraft:mined":{"minecraft:iron_ore":9,"minecraft:crafting_table":2,"minecraft:grass_block":1,"minecraft:oak_log":9,"minecraft:dirt":1,"minecraft:stone":22,"minecraft:oak_leaves":1},"minecraft:dropped":{"minecraft:dirt":2,"minecraft:oak_sapling":3,"minecraft:wooden_pickaxe":1},"minecraft:killed_by":{"minecraft:player":1}},"DataVersion":3465}