{"stats":{"minecraft:picked_up":{"minecraft:birch_log":1,"minecraft:crafting_table":3,"minecraft:stick":3,"minecraft:raw_iron":9,"minecraft:porkchop":2,"minecraft:oak_log":15,"minecraft:dirt":10,"minecraft:cooked_mutton":1,"minecraft:hay_block":3,"minecraft:oak_boat":1,"minecraft:melon_slice":5,"minecraft:oak_sapling":3,"minecraft:mutton":13,"minecraft:coal":6,"minecraft:white_wool":7,"minecraft:cobblestone":38,"minecraft:furnace":2},"minecraft:killed":{"minecraft:sheep":7,"minecraft:zombie":1,"minecraft:pig":1},"minecraft:custom":{"minecraft:interact_with_furnace":18,"minecraft:time_since_rest":1442,"minecraft:sprint_one_cm":75174,"minecraft:damage_taken":1480,"minecraft:walk_one_cm":40921,"minecraft:damage_blocked_by_shield":147,"minecraft:mob_kills":9,"minecraft:drop":6,"minecraft:damage_dealt":1103,"minecraft:swim_one_cm":13012,"minecraft:interact_with_crafting_table":13,"minecraft:fly_one_cm":94554,"minecraft:crouch_one_cm":3158,"minecraft:play_time":19651,"minecraft:deaths":4,"minecraft:sneak_time":1145,"minecraft:walk_under_water_one_cm":1949,"minecraft:jump":512,"minecraft:walk_on_water_one_cm":1643,"minecraft:leave_game":1,"minecraft:time_since_death":1415,"minecraft:climb_one_cm":184,"minecraft:total_world_time":19651,"minecraft:fall_one_cm":29412},"minecraft:crafted":{"minecraft:wooden_sword":1,"minecraft:oak_boat":1,"minecraft:oak_planks":60,"minecraft:shield":1,"minecraft:iron_axe":1,"minecraft:crafting_table":2,"minecraft:stick":20,"minecraft:iron_ingot":9,"minecraft:wooden_pickaxe":1,"minecraft:stone_pickaxe":1,"minecraft:furnace":2,"minecraft:birch_planks":4,"minecraft:stone_axe":1,"minecraft:air":0,"minecraft:bread":9,"minecraft:wheat":27},"minecraft:used":{"minecraft:melon_slice":3,"minecraft:iron_axe":10,"minecraft:bread":5,"minecraft:stone_pickaxe":46,"minecraft:oak_planks":4,"minecraft:shield":3,"minecraft:wooden_pickaxe":7,"minecraft:white_wool":5,"minecraft:stone_axe":13,"minecraft:mutton":4,"minecraft:wooden_sword":25,"minecraft:dirt":8,"minecraft:cobblestone":16,"minecraft:crafting_table":3,"minecraft:furnace":2,"minecraft:porkchop":2,"minecraft:oak_boat":1,"minecraft:cooked_mutton":1},"minecraft:dropped":{"minecraft:dirt":2,"minecraft:oak_sapling":3,"minecraft:wooden_pickaxe":1},"minecraft:mined":{"minecraft:hay_block":4,"minecraft:furnace":2,"minecraft:iron_ore":9,"minecraft:crafting_table":3,"minecraft:coal_ore":4,"minecraft:grass_block":3,"minecraft:oak_log":15,"minecraft:melon":1,"minecraft:dirt":6,"minecraft:stone":38,"minecraft:oak_leaves":1},"minecraft:killed_by":{"minecraft:player":1,"minecraft:creeper":2}},"DataVersion":3465}